时间戳,物理块,磨损圈数/读取次数,平均纯编程(μs),平均读耗时(μs),总线写带宽(MB/s),总线读带宽(MB/s),最大物理错数,健康分析
10:51:30,Block 62,10,812.1,3384.0,4.48,4.84,445,衰退 🟡
10:51:30,Block 63,10,812.1,3384.0,4.48,4.84,592,衰退 🟡
10:53:02,Block 62,20,812.0,3384.0,4.48,4.84,450,衰退 🟡
10:53:02,Block 63,20,812.0,3384.0,4.48,4.84,498,衰退 🟡
10:54:34,Block 62,30,811.8,3384.0,4.48,4.84,470,衰退 🟡
10:54:34,Block 63,30,811.8,3384.0,4.48,4.84,393,衰退 🟡
10:56:07,Block 62,40,811.7,3384.0,4.48,4.84,363,衰退 🟡
10:56:07,Block 63,40,811.7,3384.0,4.48,4.84,413,衰退 🟡
10:57:39,Block 62,50,811.9,3384.0,4.48,4.84,445,衰退 🟡
10:57:39,Block 63,50,811.9,3384.0,4.48,4.84,410,衰退 🟡
10:59:11,Block 62,60,812.5,3384.0,4.48,4.84,464,衰退 🟡
10:59:11,Block 63,60,812.5,3384.0,4.48,4.84,398,衰退 🟡
11:00:43,Block 62,70,812.0,3384.0,4.48,4.84,463,衰退 🟡
11:00:43,Block 63,70,812.0,3384.0,4.48,4.84,398,衰退 🟡
11:02:15,Block 62,80,812.2,3384.0,4.48,4.84,328,衰退 🟡
11:02:15,Block 63,80,812.2,3384.0,4.48,4.84,395,衰退 🟡
11:03:48,Block 62,90,811.1,3384.0,4.48,4.84,344,衰退 🟡
11:03:48,Block 63,90,811.1,3384.0,4.48,4.84,463,衰退 🟡
11:05:20,Block 62,100,811.8,3384.0,4.48,4.84,439,衰退 🟡
11:05:20,Block 63,100,811.8,3384.0,4.48,4.84,424,衰退 🟡
11:06:52,Block 62,110,812.0,3384.0,4.48,4.84,360,衰退 🟡
11:06:52,Block 63,110,812.0,3384.0,4.48,4.84,386,衰退 🟡
11:08:24,Block 62,120,811.4,3384.0,4.48,4.84,350,衰退 🟡
11:08:24,Block 63,120,811.4,3384.0,4.48,4.84,395,衰退 🟡
11:09:57,Block 62,130,812.0,3384.0,4.48,4.84,345,衰退 🟡
11:09:57,Block 63,130,812.0,3384.0,4.48,4.84,385,衰退 🟡
11:11:29,Block 62,140,811.4,3384.0,4.48,4.84,375,衰退 🟡
11:11:29,Block 63,140,811.4,3384.0,4.48,4.84,400,衰退 🟡
11:13:01,Block 62,150,811.5,3384.0,4.48,4.84,342,衰退 🟡
11:13:01,Block 63,150,811.5,3384.0,4.48,4.84,395,衰退 🟡
11:14:33,Block 62,160,811.8,3384.0,4.48,4.84,345,衰退 🟡
11:14:33,Block 63,160,811.8,3384.0,4.48,4.84,398,衰退 🟡
11:16:05,Block 62,170,811.6,3384.0,4.48,4.84,376,衰退 🟡
11:16:05,Block 63,170,811.6,3384.0,4.48,4.84,407,衰退 🟡
11:17:38,Block 62,180,812.1,3384.0,4.48,4.84,353,衰退 🟡
11:17:38,Block 63,180,812.1,3384.0,4.48,4.84,426,衰退 🟡
11:19:10,Block 62,190,811.0,3384.0,4.48,4.84,350,衰退 🟡
11:19:10,Block 63,190,811.0,3384.0,4.48,4.84,437,衰退 🟡
11:20:42,Block 62,200,811.7,3384.0,4.48,4.84,361,衰退 🟡
11:20:42,Block 63,200,811.7,3384.0,4.48,4.84,409,衰退 🟡
11:22:14,Block 62,210,811.3,3384.0,4.48,4.84,341,衰退 🟡
11:22:14,Block 63,210,811.3,3384.0,4.48,4.84,403,衰退 🟡
11:23:47,Block 62,220,811.1,3384.0,4.48,4.84,367,衰退 🟡
11:23:47,Block 63,220,811.1,3384.0,4.48,4.84,420,衰退 🟡
11:25:19,Block 62,230,811.2,3384.0,4.48,4.84,348,衰退 🟡
11:25:19,Block 63,230,811.2,3384.0,4.48,4.84,397,衰退 🟡
11:26:51,Block 62,240,811.3,3384.0,4.48,4.84,357,衰退 🟡
11:26:51,Block 63,240,811.3,3384.0,4.48,4.84,409,衰退 🟡
11:28:23,Block 62,250,811.6,3384.0,4.48,4.84,356,衰退 🟡
11:28:23,Block 63,250,811.6,3384.0,4.48,4.84,416,衰退 🟡
11:29:55,Block 62,260,811.4,3384.0,4.48,4.84,353,衰退 🟡
11:29:55,Block 63,260,811.4,3384.0,4.48,4.84,406,衰退 🟡
11:31:28,Block 62,270,811.6,3384.0,4.48,4.84,337,衰退 🟡
11:31:28,Block 63,270,811.6,3384.0,4.48,4.84,424,衰退 🟡
11:33:00,Block 62,280,811.2,3384.0,4.48,4.84,355,衰退 🟡
11:33:00,Block 63,280,811.2,3384.0,4.48,4.84,436,衰退 🟡
11:34:32,Block 62,290,811.1,3384.0,4.48,4.84,356,衰退 🟡
11:34:32,Block 63,290,811.1,3384.0,4.48,4.84,498,衰退 🟡
11:36:04,Block 62,300,810.7,3384.0,4.48,4.84,364,衰退 🟡
11:36:04,Block 63,300,810.7,3384.0,4.48,4.84,404,衰退 🟡
11:37:37,Block 62,310,810.9,3384.0,4.48,4.84,405,衰退 🟡
11:37:37,Block 63,310,810.9,3384.0,4.48,4.84,478,衰退 🟡
11:39:09,Block 62,320,810.9,3384.0,4.48,4.84,361,衰退 🟡
11:39:09,Block 63,320,810.9,3384.0,4.48,4.84,408,衰退 🟡
11:40:41,Block 62,330,810.8,3384.0,4.48,4.84,365,衰退 🟡
11:40:41,Block 63,330,810.8,3384.0,4.48,4.84,415,衰退 🟡
11:42:13,Block 62,340,811.0,3384.0,4.48,4.84,359,衰退 🟡
11:42:13,Block 63,340,811.0,3384.0,4.48,4.84,446,衰退 🟡
11:43:45,Block 62,350,810.8,3384.0,4.48,4.84,425,衰退 🟡
11:43:45,Block 63,350,810.8,3384.0,4.48,4.84,477,衰退 🟡
11:45:18,Block 62,360,810.9,3384.0,4.48,4.84,412,衰退 🟡
11:45:18,Block 63,360,810.9,3384.0,4.48,4.84,504,衰退 🟡
11:46:50,Block 62,370,810.9,3384.0,4.48,4.84,380,衰退 🟡
11:46:50,Block 63,370,810.9,3384.0,4.48,4.84,427,衰退 🟡
11:48:22,Block 62,380,811.0,3384.0,4.48,4.84,410,衰退 🟡
11:48:22,Block 63,380,811.0,3384.0,4.48,4.84,464,衰退 🟡
11:49:54,Block 62,390,810.8,3384.0,4.48,4.84,407,衰退 🟡
11:49:54,Block 63,390,810.8,3384.0,4.48,4.84,465,衰退 🟡
11:51:26,Block 62,400,810.5,3384.0,4.48,4.84,366,衰退 🟡
11:51:26,Block 63,400,810.5,3384.0,4.48,4.84,406,衰退 🟡
11:52:59,Block 62,410,810.7,3384.0,4.48,4.84,336,衰退 🟡
11:52:59,Block 63,410,810.7,3384.0,4.48,4.84,412,衰退 🟡
11:54:31,Block 62,420,810.7,3384.0,4.48,4.84,380,衰退 🟡
11:54:31,Block 63,420,810.7,3384.0,4.48,4.84,418,衰退 🟡
11:56:03,Block 62,430,811.1,3384.0,4.48,4.84,374,衰退 🟡
11:56:03,Block 63,430,811.1,3384.0,4.48,4.84,486,衰退 🟡
11:57:35,Block 62,440,810.8,3384.0,4.48,4.84,352,衰退 🟡
11:57:35,Block 63,440,810.8,3384.0,4.48,4.84,406,衰退 🟡
11:59:08,Block 62,450,810.6,3384.0,4.48,4.84,379,衰退 🟡
11:59:08,Block 63,450,810.6,3384.0,4.48,4.84,540,衰退 🟡
12:00:40,Block 62,460,810.8,3384.0,4.48,4.84,352,衰退 🟡
12:00:40,Block 63,460,810.8,3384.0,4.48,4.84,412,衰退 🟡
12:02:12,Block 62,470,810.8,3384.0,4.48,4.84,428,衰退 🟡
12:02:12,Block 63,470,810.8,3384.0,4.48,4.84,519,衰退 🟡
12:03:44,Block 62,480,810.7,3384.0,4.48,4.84,409,衰退 🟡
12:03:44,Block 63,480,810.7,3384.0,4.48,4.84,507,衰退 🟡
12:05:16,Block 62,490,811.1,3384.0,4.48,4.84,390,衰退 🟡
12:05:16,Block 63,490,811.1,3384.0,4.48,4.84,481,衰退 🟡
12:06:49,Block 62,500,810.6,3384.0,4.48,4.84,477,衰退 🟡
12:06:49,Block 63,500,810.6,3384.0,4.48,4.84,491,衰退 🟡
12:08:21,Block 62,510,810.2,3384.0,4.48,4.84,434,衰退 🟡
12:08:21,Block 63,510,810.2,3384.0,4.48,4.84,513,衰退 🟡
12:09:53,Block 62,520,810.7,3384.0,4.48,4.84,445,衰退 🟡
12:09:53,Block 63,520,810.7,3384.0,4.48,4.84,519,衰退 🟡
12:11:25,Block 62,530,810.8,3384.0,4.48,4.84,360,衰退 🟡
12:11:25,Block 63,530,810.8,3384.0,4.48,4.84,415,衰退 🟡
12:12:57,Block 62,540,810.8,3384.0,4.48,4.84,401,衰退 🟡
12:12:57,Block 63,540,810.8,3384.0,4.48,4.84,496,衰退 🟡
12:14:30,Block 62,550,810.3,3384.0,4.48,4.84,384,衰退 🟡
12:14:30,Block 63,550,810.3,3384.0,4.48,4.84,496,衰退 🟡
12:16:02,Block 62,560,810.7,3384.0,4.48,4.84,425,衰退 🟡
12:16:02,Block 63,560,810.7,3384.0,4.48,4.84,503,衰退 🟡
12:17:34,Block 62,570,810.5,3384.0,4.48,4.84,436,衰退 🟡
12:17:34,Block 63,570,810.5,3384.0,4.48,4.84,517,衰退 🟡
12:19:06,Block 62,580,810.4,3384.0,4.48,4.84,370,衰退 🟡
12:19:06,Block 63,580,810.4,3384.0,4.48,4.84,553,衰退 🟡
12:20:39,Block 62,590,810.6,3384.0,4.48,4.84,455,衰退 🟡
12:20:39,Block 63,590,810.6,3384.0,4.48,4.84,519,衰退 🟡
12:22:11,Block 62,600,810.1,3384.0,4.48,4.84,425,衰退 🟡
12:22:11,Block 63,600,810.1,3384.0,4.48,4.84,508,衰退 🟡
12:23:43,Block 62,610,810.2,3384.0,4.48,4.84,452,衰退 🟡
12:23:43,Block 63,610,810.2,3384.0,4.48,4.84,481,衰退 🟡
12:25:15,Block 62,620,809.8,3384.0,4.48,4.84,479,衰退 🟡
12:25:15,Block 63,620,809.8,3384.0,4.48,4.84,599,衰退 🟡
12:26:47,Block 62,630,810.0,3384.0,4.48,4.84,462,衰退 🟡
12:26:47,Block 63,630,810.0,3384.0,4.48,4.84,580,衰退 🟡
12:28:20,Block 62,640,809.7,3384.0,4.48,4.84,487,衰退 🟡
12:28:20,Block 63,640,809.7,3384.0,4.48,4.84,576,衰退 🟡
12:29:52,Block 62,650,810.0,3384.0,4.48,4.84,485,衰退 🟡
12:29:52,Block 63,650,810.0,3384.0,4.48,4.84,530,衰退 🟡
12:31:24,Block 62,660,810.0,3384.0,4.48,4.84,467,衰退 🟡
12:31:24,Block 63,660,810.0,3384.0,4.48,4.84,557,衰退 🟡
12:32:56,Block 62,670,809.9,3384.0,4.48,4.84,482,衰退 🟡
12:32:56,Block 63,670,809.9,3384.0,4.48,4.84,538,衰退 🟡
12:34:28,Block 62,680,809.9,3384.0,4.48,4.84,509,衰退 🟡
12:34:28,Block 63,680,809.9,3384.0,4.48,4.84,576,衰退 🟡
12:36:01,Block 62,690,810.0,3384.0,4.48,4.84,464,衰退 🟡
12:36:01,Block 63,690,810.0,3384.0,4.48,4.84,550,衰退 🟡
12:37:33,Block 62,700,809.8,3384.0,4.48,4.84,502,衰退 🟡
12:37:33,Block 63,700,809.8,3384.0,4.48,4.84,592,衰退 🟡
12:39:05,Block 62,710,809.7,3384.0,4.48,4.84,511,衰退 🟡
12:39:05,Block 63,710,809.7,3384.0,4.48,4.84,543,衰退 🟡
12:40:37,Block 62,720,809.9,3384.0,4.48,4.84,468,衰退 🟡
12:40:37,Block 63,720,809.9,3384.0,4.48,4.84,547,衰退 🟡
12:42:09,Block 62,730,810.0,3384.0,4.48,4.84,507,衰退 🟡
12:42:09,Block 63,730,810.0,3384.0,4.48,4.84,602,衰退 🟡
12:43:42,Block 62,740,809.8,3384.0,4.48,4.84,500,衰退 🟡
12:43:42,Block 63,740,809.8,3384.0,4.48,4.84,554,衰退 🟡
12:45:14,Block 62,750,810.0,3384.0,4.48,4.84,478,衰退 🟡
12:45:14,Block 63,750,810.0,3384.0,4.48,4.84,568,衰退 🟡
12:46:46,Block 62,760,809.9,3384.0,4.48,4.84,468,衰退 🟡
12:46:46,Block 63,760,809.9,3384.0,4.48,4.84,578,衰退 🟡
12:48:18,Block 62,770,810.2,3384.0,4.48,4.84,506,衰退 🟡
12:48:18,Block 63,770,810.2,3384.0,4.48,4.84,576,衰退 🟡
12:49:50,Block 62,780,809.7,3384.0,4.48,4.84,487,衰退 🟡
12:49:50,Block 63,780,809.7,3384.0,4.48,4.84,587,衰退 🟡
12:51:23,Block 62,790,809.9,3384.0,4.48,4.84,505,衰退 🟡
12:51:23,Block 63,790,809.9,3384.0,4.48,4.84,605,衰退 🟡
12:52:55,Block 62,800,809.8,3384.0,4.48,4.84,493,衰退 🟡
12:52:55,Block 63,800,809.8,3384.0,4.48,4.84,561,衰退 🟡
12:54:27,Block 62,810,809.7,3384.0,4.48,4.84,507,衰退 🟡
12:54:27,Block 63,810,809.7,3384.0,4.48,4.84,569,衰退 🟡
12:55:59,Block 62,820,809.9,3384.0,4.48,4.84,512,衰退 🟡
12:55:59,Block 63,820,809.9,3384.0,4.48,4.84,602,衰退 🟡
12:57:32,Block 62,830,809.9,3384.0,4.48,4.84,491,衰退 🟡
12:57:32,Block 63,830,809.9,3384.0,4.48,4.84,553,衰退 🟡
12:59:04,Block 62,840,809.7,3384.0,4.48,4.84,478,衰退 🟡
12:59:04,Block 63,840,809.7,3384.0,4.48,4.84,586,衰退 🟡
13:00:36,Block 62,850,809.9,3384.0,4.48,4.84,501,衰退 🟡
13:00:36,Block 63,850,809.9,3384.0,4.48,4.84,569,衰退 🟡
13:02:08,Block 62,860,809.7,3384.0,4.48,4.84,516,衰退 🟡
13:02:08,Block 63,860,809.7,3384.0,4.48,4.84,595,衰退 🟡
13:03:40,Block 62,870,809.8,3384.0,4.48,4.84,492,衰退 🟡
13:03:40,Block 63,870,809.8,3384.0,4.48,4.84,567,衰退 🟡
13:05:13,Block 62,880,809.9,3384.0,4.48,4.84,489,衰退 🟡
13:05:13,Block 63,880,809.9,3384.0,4.48,4.84,559,衰退 🟡
13:06:45,Block 62,890,809.4,3384.0,4.48,4.84,490,衰退 🟡
13:06:45,Block 63,890,809.4,3384.0,4.48,4.84,578,衰退 🟡
13:08:17,Block 62,900,809.9,3384.0,4.48,4.84,492,衰退 🟡
13:08:17,Block 63,900,809.9,3384.0,4.48,4.84,554,衰退 🟡
13:09:49,Block 62,910,809.8,3384.0,4.48,4.84,480,衰退 🟡
13:09:49,Block 63,910,809.8,3384.0,4.48,4.84,570,衰退 🟡
13:11:21,Block 62,920,809.8,3384.0,4.48,4.84,466,衰退 🟡
13:11:21,Block 63,920,809.8,3384.0,4.48,4.84,581,衰退 🟡
13:12:54,Block 62,930,809.8,3384.0,4.48,4.84,492,衰退 🟡
13:12:54,Block 63,930,809.8,3384.0,4.48,4.84,556,衰退 🟡
13:14:26,Block 62,940,809.4,3384.0,4.48,4.84,464,衰退 🟡
13:14:26,Block 63,940,809.4,3384.0,4.48,4.84,554,衰退 🟡
13:15:58,Block 62,950,809.6,3384.0,4.48,4.84,501,衰退 🟡
13:15:58,Block 63,950,809.6,3384.0,4.48,4.84,587,衰退 🟡
13:17:30,Block 62,960,809.6,3384.0,4.48,4.84,491,衰退 🟡
13:17:30,Block 63,960,809.6,3384.0,4.48,4.84,548,衰退 🟡
13:19:02,Block 62,970,809.8,3384.0,4.48,4.84,454,衰退 🟡
13:19:02,Block 63,970,809.8,3384.0,4.48,4.84,563,衰退 🟡
13:20:35,Block 62,980,809.4,3384.0,4.48,4.84,482,衰退 🟡
13:20:35,Block 63,980,809.4,3384.0,4.48,4.84,530,衰退 🟡
13:22:07,Block 62,990,809.4,3384.0,4.48,4.84,442,衰退 🟡
13:22:07,Block 63,990,809.4,3384.0,4.48,4.84,429,衰退 🟡
13:23:39,Block 62,1000,809.6,3384.0,4.48,4.84,445,衰退 🟡
13:23:39,Block 63,1000,809.6,3384.0,4.48,4.84,444,衰退 🟡
13:25:11,Block 62,1010,809.5,3384.0,4.48,4.84,487,衰退 🟡
13:25:11,Block 63,1010,809.5,3384.0,4.48,4.84,437,衰退 🟡
13:26:43,Block 62,1020,809.6,3384.0,4.48,4.84,509,衰退 🟡
13:26:43,Block 63,1020,809.6,3384.0,4.48,4.84,451,衰退 🟡
13:28:16,Block 62,1030,809.7,3384.0,4.48,4.84,461,衰退 🟡
13:28:16,Block 63,1030,809.7,3384.0,4.48,4.84,456,衰退 🟡
13:29:48,Block 62,1040,809.7,3384.0,4.48,4.84,466,衰退 🟡
13:29:48,Block 63,1040,809.7,3384.0,4.48,4.84,460,衰退 🟡
13:31:20,Block 62,1050,809.3,3384.0,4.48,4.84,374,衰退 🟡
13:31:20,Block 63,1050,809.3,3384.0,4.48,4.84,448,衰退 🟡
13:32:52,Block 62,1060,809.6,3384.0,4.48,4.84,471,衰退 🟡
13:32:52,Block 63,1060,809.6,3384.0,4.48,4.84,438,衰退 🟡
13:34:24,Block 62,1070,809.7,3384.0,4.48,4.84,379,衰退 🟡
13:34:24,Block 63,1070,809.7,3384.0,4.48,4.84,455,衰退 🟡
13:35:57,Block 62,1080,809.4,3384.0,4.48,4.84,485,衰退 🟡
13:35:57,Block 63,1080,809.4,3384.0,4.48,4.84,445,衰退 🟡
13:37:29,Block 62,1090,809.5,3384.0,4.48,4.84,363,衰退 🟡
13:37:29,Block 63,1090,809.5,3384.0,4.48,4.84,434,衰退 🟡
13:39:01,Block 62,1100,809.6,3384.0,4.48,4.84,438,衰退 🟡
13:39:01,Block 63,1100,809.6,3384.0,4.48,4.84,470,衰退 🟡
13:40:33,Block 62,1110,809.4,3384.0,4.48,4.84,368,衰退 🟡
13:40:33,Block 63,1110,809.4,3384.0,4.48,4.84,418,衰退 🟡
13:42:05,Block 62,1120,809.5,3384.0,4.48,4.84,452,衰退 🟡
13:42:05,Block 63,1120,809.5,3384.0,4.48,4.84,434,衰退 🟡
13:43:38,Block 62,1130,809.5,3384.0,4.48,4.84,462,衰退 🟡
13:43:38,Block 63,1130,809.5,3384.0,4.48,4.84,440,衰退 🟡
13:45:10,Block 62,1140,809.4,3384.0,4.48,4.84,462,衰退 🟡
13:45:10,Block 63,1140,809.4,3384.0,4.48,4.84,430,衰退 🟡
13:46:42,Block 62,1150,809.3,3384.0,4.48,4.84,456,衰退 🟡
13:46:42,Block 63,1150,809.3,3384.0,4.48,4.84,435,衰退 🟡
13:48:14,Block 62,1160,809.4,3384.0,4.48,4.84,378,衰退 🟡
13:48:14,Block 63,1160,809.4,3384.0,4.48,4.84,428,衰退 🟡
13:49:46,Block 62,1170,809.5,3384.0,4.48,4.84,363,衰退 🟡
13:49:46,Block 63,1170,809.5,3384.0,4.48,4.84,441,衰退 🟡
13:51:19,Block 62,1180,809.4,3384.0,4.48,4.84,399,衰退 🟡
13:51:19,Block 63,1180,809.4,3384.0,4.48,4.84,448,衰退 🟡
13:52:51,Block 62,1190,809.4,3384.0,4.48,4.84,460,衰退 🟡
13:52:51,Block 63,1190,809.4,3384.0,4.48,4.84,433,衰退 🟡
13:54:23,Block 62,1200,809.4,3384.0,4.48,4.84,385,衰退 🟡
13:54:23,Block 63,1200,809.4,3384.0,4.48,4.84,441,衰退 🟡
13:55:55,Block 62,1210,809.5,3384.0,4.48,4.84,444,衰退 🟡
13:55:55,Block 63,1210,809.5,3384.0,4.48,4.84,430,衰退 🟡
13:57:27,Block 62,1220,809.3,3384.0,4.48,4.84,377,衰退 🟡
13:57:27,Block 63,1220,809.3,3384.0,4.48,4.84,482,衰退 🟡
13:59:00,Block 62,1230,809.4,3384.0,4.48,4.84,379,衰退 🟡
13:59:00,Block 63,1230,809.4,3384.0,4.48,4.84,443,衰退 🟡
14:00:32,Block 62,1240,809.6,3384.0,4.48,4.84,396,衰退 🟡
14:00:32,Block 63,1240,809.6,3384.0,4.48,4.84,435,衰退 🟡
14:02:04,Block 62,1250,809.2,3384.0,4.48,4.84,488,衰退 🟡
14:02:04,Block 63,1250,809.2,3384.0,4.48,4.84,444,衰退 🟡
14:03:36,Block 62,1260,809.5,3384.0,4.48,4.84,400,衰退 🟡
14:03:36,Block 63,1260,809.5,3384.0,4.48,4.84,448,衰退 🟡
14:05:08,Block 62,1270,809.7,3384.0,4.48,4.84,416,衰退 🟡
14:05:08,Block 63,1270,809.7,3384.0,4.48,4.84,436,衰退 🟡
14:06:41,Block 62,1280,809.4,3384.0,4.48,4.84,386,衰退 🟡
14:06:41,Block 63,1280,809.4,3384.0,4.48,4.84,462,衰退 🟡
14:08:13,Block 62,1290,809.3,3384.0,4.48,4.84,421,衰退 🟡
14:08:13,Block 63,1290,809.3,3384.0,4.48,4.84,418,衰退 🟡
14:09:45,Block 62,1300,809.4,3384.0,4.48,4.84,411,衰退 🟡
14:09:45,Block 63,1300,809.4,3384.0,4.48,4.84,429,衰退 🟡
14:11:17,Block 62,1310,809.3,3384.0,4.48,4.84,413,衰退 🟡
14:11:17,Block 63,1310,809.3,3384.0,4.48,4.84,439,衰退 🟡
14:12:49,Block 62,1320,809.2,3384.0,4.48,4.84,399,衰退 🟡
14:12:49,Block 63,1320,809.2,3384.0,4.48,4.84,431,衰退 🟡
14:14:22,Block 62,1330,809.2,3384.0,4.48,4.84,382,衰退 🟡
14:14:22,Block 63,1330,809.2,3384.0,4.48,4.84,436,衰退 🟡
14:15:54,Block 62,1340,809.4,3384.0,4.48,4.84,394,衰退 🟡
14:15:54,Block 63,1340,809.4,3384.0,4.48,4.84,462,衰退 🟡
14:17:26,Block 62,1350,809.4,3384.0,4.48,4.84,395,衰退 🟡
14:17:26,Block 63,1350,809.4,3384.0,4.48,4.84,438,衰退 🟡
14:18:58,Block 62,1360,809.2,3384.0,4.48,4.84,394,衰退 🟡
14:18:58,Block 63,1360,809.2,3384.0,4.48,4.84,456,衰退 🟡
14:20:30,Block 62,1370,809.1,3384.0,4.48,4.84,469,衰退 🟡
14:20:30,Block 63,1370,809.1,3384.0,4.48,4.84,448,衰退 🟡
14:22:03,Block 62,1380,809.4,3384.0,4.48,4.84,385,衰退 🟡
14:22:03,Block 63,1380,809.4,3384.0,4.48,4.84,445,衰退 🟡
14:23:35,Block 62,1390,809.3,3384.0,4.48,4.84,364,衰退 🟡
14:23:35,Block 63,1390,809.3,3384.0,4.48,4.84,456,衰退 🟡
14:25:07,Block 62,1400,809.1,3384.0,4.48,4.84,382,衰退 🟡
14:25:07,Block 63,1400,809.1,3384.0,4.48,4.84,444,衰退 🟡
14:26:39,Block 62,1410,809.4,3384.0,4.48,4.84,470,衰退 🟡
14:26:39,Block 63,1410,809.4,3384.0,4.48,4.84,427,衰退 🟡
14:28:11,Block 62,1420,809.3,3384.0,4.48,4.84,434,衰退 🟡
14:28:11,Block 63,1420,809.3,3384.0,4.48,4.84,455,衰退 🟡
14:29:44,Block 62,1430,809.2,3384.0,4.48,4.84,508,衰退 🟡
14:29:44,Block 63,1430,809.2,3384.0,4.48,4.84,458,衰退 🟡
14:31:16,Block 62,1440,809.2,3384.0,4.48,4.84,370,衰退 🟡
14:31:16,Block 63,1440,809.2,3384.0,4.48,4.84,441,衰退 🟡
14:32:48,Block 62,1450,809.1,3384.0,4.48,4.84,520,衰退 🟡
14:32:48,Block 63,1450,809.1,3384.0,4.48,4.84,452,衰退 🟡
14:34:20,Block 62,1460,809.0,3384.0,4.48,4.84,447,衰退 🟡
14:34:20,Block 63,1460,809.0,3384.0,4.48,4.84,429,衰退 🟡
14:35:52,Block 62,1470,809.2,3384.0,4.48,4.84,411,衰退 🟡
14:35:52,Block 63,1470,809.2,3384.0,4.48,4.84,459,衰退 🟡
14:37:25,Block 62,1480,809.1,3384.0,4.48,4.84,389,衰退 🟡
14:37:25,Block 63,1480,809.1,3384.0,4.48,4.84,454,衰退 🟡
14:38:57,Block 62,1490,808.9,3384.0,4.48,4.84,391,衰退 🟡
14:38:57,Block 63,1490,808.9,3384.0,4.48,4.84,471,衰退 🟡
14:40:29,Block 62,1500,809.1,3384.0,4.48,4.84,471,衰退 🟡
14:40:29,Block 63,1500,809.1,3384.0,4.48,4.84,448,衰退 🟡
14:42:01,Block 62,1510,809.2,3384.0,4.48,4.84,475,衰退 🟡
14:42:01,Block 63,1510,809.2,3384.0,4.48,4.84,440,衰退 🟡
14:43:33,Block 62,1520,808.9,3384.0,4.48,4.84,444,衰退 🟡
14:43:33,Block 63,1520,808.9,3384.0,4.48,4.84,438,衰退 🟡
14:45:06,Block 62,1530,809.1,3384.0,4.48,4.84,400,衰退 🟡
14:45:06,Block 63,1530,809.1,3384.0,4.48,4.84,434,衰退 🟡
14:46:38,Block 62,1540,809.2,3384.0,4.48,4.84,474,衰退 🟡
14:46:38,Block 63,1540,809.2,3384.0,4.48,4.84,460,衰退 🟡
14:48:10,Block 62,1550,808.9,3384.0,4.48,4.84,370,衰退 🟡
14:48:10,Block 63,1550,808.9,3384.0,4.48,4.84,452,衰退 🟡
14:49:42,Block 62,1560,809.0,3384.0,4.48,4.84,417,衰退 🟡
14:49:42,Block 63,1560,809.0,3384.0,4.48,4.84,443,衰退 🟡
14:51:14,Block 62,1570,808.7,3384.0,4.48,4.84,392,衰退 🟡
14:51:14,Block 63,1570,808.7,3384.0,4.48,4.84,438,衰退 🟡
14:52:47,Block 62,1580,809.1,3384.0,4.48,4.84,391,衰退 🟡
14:52:47,Block 63,1580,809.1,3384.0,4.48,4.84,428,衰退 🟡
14:54:19,Block 62,1590,809.0,3384.0,4.48,4.84,417,衰退 🟡
14:54:19,Block 63,1590,809.0,3384.0,4.48,4.84,451,衰退 🟡
14:55:51,Block 62,1600,809.1,3384.0,4.48,4.84,379,衰退 🟡
14:55:51,Block 63,1600,809.1,3384.0,4.48,4.84,433,衰退 🟡
14:57:23,Block 62,1610,808.5,3384.0,4.48,4.84,408,衰退 🟡
14:57:23,Block 63,1610,808.5,3384.0,4.48,4.84,463,衰退 🟡
14:58:55,Block 62,1620,809.2,3384.0,4.48,4.84,384,衰退 🟡
14:58:55,Block 63,1620,809.2,3384.0,4.48,4.84,457,衰退 🟡
15:00:27,Block 62,1630,809.0,3384.0,4.48,4.84,393,衰退 🟡
15:00:27,Block 63,1630,809.0,3384.0,4.48,4.84,435,衰退 🟡
15:02:00,Block 62,1640,809.2,3384.0,4.48,4.84,375,衰退 🟡
15:02:00,Block 63,1640,809.2,3384.0,4.48,4.84,446,衰退 🟡
15:03:32,Block 62,1650,808.7,3384.0,4.48,4.84,412,衰退 🟡
15:03:32,Block 63,1650,808.7,3384.0,4.48,4.84,458,衰退 🟡
15:05:04,Block 62,1660,808.9,3384.0,4.48,4.84,382,衰退 🟡
15:05:04,Block 63,1660,808.9,3384.0,4.48,4.84,434,衰退 🟡
15:06:36,Block 62,1670,809.2,3384.0,4.48,4.84,409,衰退 🟡
15:06:36,Block 63,1670,809.2,3384.0,4.48,4.84,463,衰退 🟡
15:08:08,Block 62,1680,808.8,3384.0,4.48,4.84,394,衰退 🟡
15:08:08,Block 63,1680,808.8,3384.0,4.48,4.84,440,衰退 🟡
15:09:41,Block 62,1690,808.7,3384.0,4.48,4.84,365,衰退 🟡
15:09:41,Block 63,1690,808.7,3384.0,4.48,4.84,458,衰退 🟡
15:11:13,Block 62,1700,808.8,3384.0,4.48,4.84,447,衰退 🟡
15:11:13,Block 63,1700,808.8,3384.0,4.48,4.84,457,衰退 🟡
15:12:45,Block 62,1710,808.6,3384.0,4.48,4.84,380,衰退 🟡
15:12:45,Block 63,1710,808.6,3384.0,4.48,4.84,469,衰退 🟡
15:14:17,Block 62,1720,808.5,3384.0,4.48,4.84,389,衰退 🟡
15:14:17,Block 63,1720,808.5,3384.0,4.48,4.84,439,衰退 🟡
15:15:49,Block 62,1730,808.9,3384.0,4.48,4.84,382,衰退 🟡
15:15:49,Block 63,1730,808.9,3384.0,4.48,4.84,444,衰退 🟡
15:17:22,Block 62,1740,808.9,3384.0,4.48,4.84,389,衰退 🟡
15:17:22,Block 63,1740,808.9,3384.0,4.48,4.84,445,衰退 🟡
15:18:54,Block 62,1750,809.2,3384.0,4.48,4.84,393,衰退 🟡
15:18:54,Block 63,1750,809.2,3384.0,4.48,4.84,458,衰退 🟡
15:20:26,Block 62,1760,808.8,3384.0,4.48,4.84,376,衰退 🟡
15:20:26,Block 63,1760,808.8,3384.0,4.48,4.84,441,衰退 🟡
15:21:58,Block 62,1770,808.4,3384.0,4.48,4.84,417,衰退 🟡
15:21:58,Block 63,1770,808.4,3384.0,4.48,4.84,444,衰退 🟡
15:23:30,Block 62,1780,808.9,3384.0,4.48,4.84,397,衰退 🟡
15:23:30,Block 63,1780,808.9,3384.0,4.48,4.84,489,衰退 🟡
15:25:03,Block 62,1790,808.5,3384.0,4.48,4.84,394,衰退 🟡
15:25:03,Block 63,1790,808.5,3384.0,4.48,4.84,438,衰退 🟡
15:26:35,Block 62,1800,808.9,3384.0,4.48,4.84,378,衰退 🟡
15:26:35,Block 63,1800,808.9,3384.0,4.48,4.84,453,衰退 🟡
15:28:07,Block 62,1810,808.5,3384.0,4.48,4.84,371,衰退 🟡
15:28:07,Block 63,1810,808.5,3384.0,4.48,4.84,444,衰退 🟡
15:29:39,Block 62,1820,808.5,3384.0,4.48,4.84,387,衰退 🟡
15:29:39,Block 63,1820,808.5,3384.0,4.48,4.84,472,衰退 🟡
15:31:11,Block 62,1830,808.8,3384.0,4.48,4.84,486,衰退 🟡
15:31:11,Block 63,1830,808.8,3384.0,4.48,4.84,453,衰退 🟡
15:32:44,Block 62,1840,808.6,3384.0,4.48,4.84,396,衰退 🟡
15:32:44,Block 63,1840,808.6,3384.0,4.48,4.84,470,衰退 🟡
15:34:16,Block 62,1850,808.6,3384.0,4.48,4.84,468,衰退 🟡
15:34:16,Block 63,1850,808.6,3384.0,4.48,4.84,440,衰退 🟡
15:35:48,Block 62,1860,808.7,3384.0,4.48,4.84,400,衰退 🟡
15:35:48,Block 63,1860,808.7,3384.0,4.48,4.84,468,衰退 🟡
15:37:20,Block 62,1870,809.0,3384.0,4.48,4.84,393,衰退 🟡
15:37:20,Block 63,1870,809.0,3384.0,4.48,4.84,436,衰退 🟡
15:38:52,Block 62,1880,808.5,3384.0,4.48,4.84,393,衰退 🟡
15:38:52,Block 63,1880,808.5,3384.0,4.48,4.84,490,衰退 🟡
15:40:24,Block 62,1890,808.8,3384.0,4.48,4.84,465,衰退 🟡
15:40:25,Block 63,1890,808.8,3384.0,4.48,4.84,461,衰退 🟡
15:41:57,Block 62,1900,808.4,3384.0,4.48,4.84,484,衰退 🟡
15:41:57,Block 63,1900,808.4,3384.0,4.48,4.84,461,衰退 🟡
15:43:29,Block 62,1910,808.6,3384.0,4.48,4.84,419,衰退 🟡
15:43:29,Block 63,1910,808.6,3384.0,4.48,4.84,437,衰退 🟡
15:45:01,Block 62,1920,808.3,3384.0,4.48,4.84,410,衰退 🟡
15:45:01,Block 63,1920,808.3,3384.0,4.48,4.84,481,衰退 🟡
15:46:33,Block 62,1930,808.5,3384.0,4.48,4.84,412,衰退 🟡
15:46:33,Block 63,1930,808.5,3384.0,4.48,4.84,456,衰退 🟡
15:48:05,Block 62,1940,808.2,3384.0,4.48,4.84,475,衰退 🟡
15:48:05,Block 63,1940,808.2,3384.0,4.48,4.84,438,衰退 🟡
15:49:38,Block 62,1950,808.5,3384.0,4.48,4.84,406,衰退 🟡
15:49:38,Block 63,1950,808.5,3384.0,4.48,4.84,438,衰退 🟡
15:51:10,Block 62,1960,808.9,3384.0,4.48,4.84,391,衰退 🟡
15:51:10,Block 63,1960,808.9,3384.0,4.48,4.84,462,衰退 🟡
15:52:42,Block 62,1970,808.8,3384.0,4.48,4.84,389,衰退 🟡
15:52:42,Block 63,1970,808.8,3384.0,4.48,4.84,448,衰退 🟡
15:54:14,Block 62,1980,808.5,3384.0,4.48,4.84,394,衰退 🟡
15:54:14,Block 63,1980,808.5,3384.0,4.48,4.84,490,衰退 🟡
15:55:46,Block 62,1990,808.5,3384.0,4.48,4.84,398,衰退 🟡
15:55:46,Block 63,1990,808.5,3384.0,4.48,4.84,449,衰退 🟡
15:57:19,Block 62,2000,808.8,3384.0,4.48,4.84,394,衰退 🟡
15:57:19,Block 63,2000,808.8,3384.0,4.48,4.84,452,衰退 🟡
15:58:51,Block 62,2010,808.8,3384.0,4.48,4.84,381,衰退 🟡
15:58:51,Block 63,2010,808.8,3384.0,4.48,4.84,438,衰退 🟡
16:00:23,Block 62,2020,808.3,3384.0,4.48,4.84,382,衰退 🟡
16:00:23,Block 63,2020,808.3,3384.0,4.48,4.84,455,衰退 🟡
16:01:55,Block 62,2030,808.7,3384.0,4.48,4.84,389,衰退 🟡
16:01:55,Block 63,2030,808.7,3384.0,4.48,4.84,429,衰退 🟡
16:03:27,Block 62,2040,808.3,3384.0,4.48,4.84,381,衰退 🟡
16:03:27,Block 63,2040,808.3,3384.0,4.48,4.84,451,衰退 🟡
16:04:59,Block 62,2050,808.4,3384.0,4.48,4.84,397,衰退 🟡
16:05:00,Block 63,2050,808.4,3384.0,4.48,4.84,450,衰退 🟡
16:06:32,Block 62,2060,808.3,3384.0,4.48,4.84,397,衰退 🟡
16:06:32,Block 63,2060,808.3,3384.0,4.48,4.84,447,衰退 🟡
16:08:04,Block 62,2070,808.3,3384.0,4.48,4.84,400,衰退 🟡
16:08:04,Block 63,2070,808.3,3384.0,4.48,4.84,455,衰退 🟡
16:09:36,Block 62,2080,808.5,3384.0,4.48,4.84,387,衰退 🟡
16:09:36,Block 63,2080,808.5,3384.0,4.48,4.84,449,衰退 🟡
16:11:08,Block 62,2090,808.3,3384.0,4.48,4.84,379,衰退 🟡
16:11:08,Block 63,2090,808.3,3384.0,4.48,4.84,473,衰退 🟡
16:12:40,Block 62,2100,808.4,3384.0,4.48,4.84,406,衰退 🟡
16:12:40,Block 63,2100,808.4,3384.0,4.48,4.84,453,衰退 🟡
16:14:13,Block 62,2110,808.3,3384.0,4.48,4.84,391,衰退 🟡
16:14:13,Block 63,2110,808.3,3384.0,4.48,4.84,511,衰退 🟡
16:15:45,Block 62,2120,808.4,3384.0,4.48,4.84,401,衰退 🟡
16:15:45,Block 63,2120,808.4,3384.0,4.48,4.84,465,衰退 🟡
16:17:17,Block 62,2130,808.4,3384.0,4.48,4.84,502,衰退 🟡
16:17:17,Block 63,2130,808.4,3384.0,4.48,4.84,445,衰退 🟡
16:18:49,Block 62,2140,808.3,3384.0,4.48,4.84,509,衰退 🟡
16:18:49,Block 63,2140,808.3,3384.0,4.48,4.84,469,衰退 🟡
16:20:21,Block 62,2150,808.1,3384.0,4.48,4.84,414,衰退 🟡
16:20:21,Block 63,2150,808.1,3384.0,4.48,4.84,456,衰退 🟡
16:21:54,Block 62,2160,814.8,3384.0,4.48,4.84,589,衰退 🟡
16:21:54,Block 63,2160,814.8,3384.0,4.48,4.84,568,衰退 🟡
16:23:26,Block 62,2170,808.5,3384.0,4.48,4.84,385,衰退 🟡
16:23:26,Block 63,2170,808.5,3384.0,4.48,4.84,465,衰退 🟡
16:24:58,Block 62,2180,808.4,3384.0,4.48,4.84,375,衰退 🟡
16:24:58,Block 63,2180,808.4,3384.0,4.48,4.84,458,衰退 🟡
16:26:30,Block 62,2190,808.4,3384.0,4.48,4.84,447,衰退 🟡
16:26:30,Block 63,2190,808.4,3384.0,4.48,4.84,426,衰退 🟡
16:28:02,Block 62,2200,808.3,3384.0,4.48,4.84,507,衰退 🟡
16:28:02,Block 63,2200,808.3,3384.0,4.48,4.84,456,衰退 🟡
16:29:35,Block 62,2210,808.3,3384.0,4.48,4.84,404,衰退 🟡
16:29:35,Block 63,2210,808.3,3384.0,4.48,4.84,469,衰退 🟡
16:31:07,Block 62,2220,808.2,3384.0,4.48,4.84,387,衰退 🟡
16:31:07,Block 63,2220,808.2,3384.0,4.48,4.84,454,衰退 🟡
16:32:39,Block 62,2230,808.6,3384.0,4.48,4.84,413,衰退 🟡
16:32:39,Block 63,2230,808.6,3384.0,4.48,4.84,460,衰退 🟡
16:34:11,Block 62,2240,808.2,3384.0,4.48,4.84,395,衰退 🟡
16:34:11,Block 63,2240,808.2,3384.0,4.48,4.84,474,衰退 🟡
16:35:43,Block 62,2250,808.3,3384.0,4.48,4.84,395,衰退 🟡
16:35:43,Block 63,2250,808.3,3384.0,4.48,4.84,447,衰退 🟡
16:37:15,Block 62,2260,808.3,3384.0,4.48,4.84,375,衰退 🟡
16:37:15,Block 63,2260,808.3,3384.0,4.48,4.84,440,衰退 🟡
16:38:48,Block 62,2270,808.6,3384.0,4.48,4.84,456,衰退 🟡
16:38:48,Block 63,2270,808.6,3384.0,4.48,4.84,533,衰退 🟡
16:40:20,Block 62,2280,808.4,3384.0,4.48,4.84,413,衰退 🟡
16:40:20,Block 63,2280,808.4,3384.0,4.48,4.84,461,衰退 🟡
16:41:52,Block 62,2290,808.2,3384.0,4.48,4.84,450,衰退 🟡
16:41:52,Block 63,2290,808.2,3384.0,4.48,4.84,526,衰退 🟡
16:43:24,Block 62,2300,808.3,3384.0,4.48,4.84,488,衰退 🟡
16:43:24,Block 63,2300,808.3,3384.0,4.48,4.84,525,衰退 🟡
16:44:56,Block 62,2310,808.3,3384.0,4.48,4.84,429,衰退 🟡
16:44:56,Block 63,2310,808.3,3384.0,4.48,4.84,550,衰退 🟡
16:46:29,Block 62,2320,808.4,3384.0,4.48,4.84,393,衰退 🟡
16:46:29,Block 63,2320,808.4,3384.0,4.48,4.84,434,衰退 🟡
16:48:01,Block 62,2330,808.3,3384.0,4.48,4.84,502,衰退 🟡
16:48:01,Block 63,2330,808.3,3384.0,4.48,4.84,544,衰退 🟡
16:49:33,Block 62,2340,808.6,3384.0,4.48,4.84,537,衰退 🟡
16:49:33,Block 63,2340,808.6,3384.0,4.48,4.84,575,衰退 🟡
16:51:05,Block 62,2350,808.0,3384.0,4.48,4.84,485,衰退 🟡
16:51:05,Block 63,2350,808.0,3384.0,4.48,4.84,545,衰退 🟡
16:52:37,Block 62,2360,808.2,3384.0,4.48,4.84,491,衰退 🟡
16:52:37,Block 63,2360,808.2,3384.0,4.48,4.84,493,衰退 🟡
16:54:10,Block 62,2370,808.4,3384.0,4.48,4.84,496,衰退 🟡
16:54:10,Block 63,2370,808.4,3384.0,4.48,4.84,552,衰退 🟡
16:55:42,Block 62,2380,808.5,3384.0,4.48,4.84,500,衰退 🟡
16:55:42,Block 63,2380,808.5,3384.0,4.48,4.84,583,衰退 🟡
16:57:14,Block 62,2390,807.9,3384.0,4.48,4.84,513,衰退 🟡
16:57:14,Block 63,2390,807.9,3384.0,4.48,4.84,562,衰退 🟡
16:58:46,Block 62,2400,808.1,3384.0,4.48,4.84,490,衰退 🟡
16:58:46,Block 63,2400,808.1,3384.0,4.48,4.84,629,衰退 🟡
17:00:18,Block 62,2410,808.0,3384.0,4.48,4.84,476,衰退 🟡
17:00:18,Block 63,2410,808.0,3384.0,4.48,4.84,586,衰退 🟡
17:01:50,Block 62,2420,808.3,3384.0,4.48,4.84,449,衰退 🟡
17:01:50,Block 63,2420,808.3,3384.0,4.48,4.84,606,衰退 🟡
17:03:23,Block 62,2430,808.3,3384.0,4.48,4.84,409,衰退 🟡
17:03:23,Block 63,2430,808.3,3384.0,4.48,4.84,532,衰退 🟡
17:04:55,Block 62,2440,808.0,3384.0,4.48,4.84,395,衰退 🟡
17:04:55,Block 63,2440,808.0,3384.0,4.48,4.84,459,衰退 🟡
17:06:27,Block 62,2450,808.0,3384.0,4.48,4.84,388,衰退 🟡
17:06:27,Block 63,2450,808.0,3384.0,4.48,4.84,446,衰退 🟡
17:07:59,Block 62,2460,808.0,3384.0,4.48,4.84,387,衰退 🟡
17:07:59,Block 63,2460,808.0,3384.0,4.48,4.84,491,衰退 🟡
17:09:31,Block 62,2470,808.2,3384.0,4.48,4.84,404,衰退 🟡
17:09:31,Block 63,2470,808.2,3384.0,4.48,4.84,441,衰退 🟡
17:11:04,Block 62,2480,808.2,3384.0,4.48,4.84,430,衰退 🟡
17:11:04,Block 63,2480,808.2,3384.0,4.48,4.84,440,衰退 🟡
17:12:36,Block 62,2490,808.1,3384.0,4.48,4.84,436,衰退 🟡
17:12:36,Block 63,2490,808.1,3384.0,4.48,4.84,470,衰退 🟡
17:14:08,Block 62,2500,808.1,3384.0,4.48,4.84,397,衰退 🟡
17:14:08,Block 63,2500,808.1,3384.0,4.48,4.84,465,衰退 🟡
17:15:40,Block 62,2510,808.2,3384.0,4.48,4.84,424,衰退 🟡
17:15:40,Block 63,2510,808.2,3384.0,4.48,4.84,457,衰退 🟡
17:17:12,Block 62,2520,808.1,3384.0,4.48,4.84,494,衰退 🟡
17:17:12,Block 63,2520,808.1,3384.0,4.48,4.84,474,衰退 🟡
17:18:44,Block 62,2530,808.0,3384.0,4.48,4.84,402,衰退 🟡
17:18:44,Block 63,2530,808.0,3384.0,4.48,4.84,454,衰退 🟡
17:20:17,Block 62,2540,808.0,3384.0,4.48,4.84,393,衰退 🟡
17:20:17,Block 63,2540,808.0,3384.0,4.48,4.84,461,衰退 🟡
17:21:49,Block 62,2550,808.3,3384.0,4.48,4.84,389,衰退 🟡
17:21:49,Block 63,2550,808.3,3384.0,4.48,4.84,447,衰退 🟡
17:23:21,Block 62,2560,808.1,3384.0,4.48,4.84,416,衰退 🟡
17:23:21,Block 63,2560,808.1,3384.0,4.48,4.84,436,衰退 🟡
17:24:53,Block 62,2570,808.0,3384.0,4.48,4.84,432,衰退 🟡
17:24:53,Block 63,2570,808.0,3384.0,4.48,4.84,443,衰退 🟡
17:26:25,Block 62,2580,808.1,3384.0,4.48,4.84,477,衰退 🟡
17:26:25,Block 63,2580,808.1,3384.0,4.48,4.84,458,衰退 🟡
17:27:58,Block 62,2590,808.0,3384.0,4.48,4.84,410,衰退 🟡
17:27:58,Block 63,2590,808.0,3384.0,4.48,4.84,453,衰退 🟡
17:29:30,Block 62,2600,808.2,3384.0,4.48,4.84,391,衰退 🟡
17:29:30,Block 63,2600,808.2,3384.0,4.48,4.84,437,衰退 🟡
17:31:02,Block 62,2610,808.1,3384.0,4.48,4.84,403,衰退 🟡
17:31:02,Block 63,2610,808.1,3384.0,4.48,4.84,470,衰退 🟡
17:32:34,Block 62,2620,808.1,3384.0,4.48,4.84,394,衰退 🟡
17:32:34,Block 63,2620,808.1,3384.0,4.48,4.84,450,衰退 🟡
17:34:06,Block 62,2630,808.0,3384.0,4.48,4.84,422,衰退 🟡
17:34:06,Block 63,2630,808.0,3384.0,4.48,4.84,453,衰退 🟡
17:35:39,Block 62,2640,808.1,3384.0,4.48,4.84,424,衰退 🟡
17:35:39,Block 63,2640,808.1,3384.0,4.48,4.84,460,衰退 🟡
17:37:11,Block 62,2650,808.1,3384.0,4.48,4.84,410,衰退 🟡
17:37:11,Block 63,2650,808.1,3384.0,4.48,4.84,445,衰退 🟡
17:38:43,Block 62,2660,808.1,3384.0,4.48,4.84,387,衰退 🟡
17:38:43,Block 63,2660,808.1,3384.0,4.48,4.84,469,衰退 🟡
17:40:15,Block 62,2670,808.0,3384.0,4.48,4.84,417,衰退 🟡
17:40:15,Block 63,2670,808.0,3384.0,4.48,4.84,454,衰退 🟡
17:41:47,Block 62,2680,807.9,3384.0,4.48,4.84,384,衰退 🟡
17:41:47,Block 63,2680,807.9,3384.0,4.48,4.84,477,衰退 🟡
17:43:19,Block 62,2690,807.8,3384.0,4.48,4.84,395,衰退 🟡
17:43:19,Block 63,2690,807.8,3384.0,4.48,4.84,440,衰退 🟡
17:44:52,Block 62,2700,808.0,3384.0,4.48,4.84,393,衰退 🟡
17:44:52,Block 63,2700,808.0,3384.0,4.48,4.84,451,衰退 🟡
17:46:24,Block 62,2710,807.9,3384.0,4.48,4.84,410,衰退 🟡
17:46:24,Block 63,2710,807.9,3384.0,4.48,4.84,450,衰退 🟡
17:47:56,Block 62,2720,807.9,3384.0,4.48,4.84,389,衰退 🟡
17:47:56,Block 63,2720,807.9,3384.0,4.48,4.84,461,衰退 🟡
17:49:28,Block 62,2730,807.9,3384.0,4.48,4.84,408,衰退 🟡
17:49:28,Block 63,2730,807.9,3384.0,4.48,4.84,468,衰退 🟡
17:51:00,Block 62,2740,807.9,3384.0,4.48,4.84,554,衰退 🟡
17:51:00,Block 63,2740,807.9,3384.0,4.48,4.84,466,衰退 🟡
17:52:33,Block 62,2750,807.9,3384.0,4.48,4.84,398,衰退 🟡
17:52:33,Block 63,2750,807.9,3384.0,4.48,4.84,448,衰退 🟡
17:54:05,Block 62,2760,808.0,3384.0,4.48,4.84,405,衰退 🟡
17:54:05,Block 63,2760,808.0,3384.0,4.48,4.84,463,衰退 🟡
17:55:37,Block 62,2770,808.0,3384.0,4.48,4.84,431,衰退 🟡
17:55:37,Block 63,2770,808.0,3384.0,4.48,4.84,451,衰退 🟡
17:57:09,Block 62,2780,808.0,3384.0,4.48,4.84,410,衰退 🟡
17:57:09,Block 63,2780,808.0,3384.0,4.48,4.84,427,衰退 🟡
17:58:41,Block 62,2790,808.0,3384.0,4.48,4.84,403,衰退 🟡
17:58:41,Block 63,2790,808.0,3384.0,4.48,4.84,465,衰退 🟡
18:00:13,Block 62,2800,807.9,3384.0,4.48,4.84,428,衰退 🟡
18:00:13,Block 63,2800,807.9,3384.0,4.48,4.84,436,衰退 🟡
18:01:46,Block 62,2810,807.9,3384.0,4.48,4.84,390,衰退 🟡
18:01:46,Block 63,2810,807.9,3384.0,4.48,4.84,457,衰退 🟡
18:03:18,Block 62,2820,808.0,3384.0,4.48,4.84,428,衰退 🟡
18:03:18,Block 63,2820,808.0,3384.0,4.48,4.84,441,衰退 🟡
18:04:50,Block 62,2830,808.1,3384.0,4.48,4.84,414,衰退 🟡
18:04:50,Block 63,2830,808.1,3384.0,4.48,4.84,464,衰退 🟡
18:06:22,Block 62,2840,807.8,3384.0,4.48,4.84,408,衰退 🟡
18:06:22,Block 63,2840,807.8,3384.0,4.48,4.84,456,衰退 🟡
18:07:54,Block 62,2850,807.9,3384.0,4.48,4.84,394,衰退 🟡
18:07:54,Block 63,2850,807.9,3384.0,4.48,4.84,456,衰退 🟡
18:09:27,Block 62,2860,807.9,3384.0,4.48,4.84,523,衰退 🟡
18:09:27,Block 63,2860,807.9,3384.0,4.48,4.84,480,衰退 🟡
18:10:59,Block 62,2870,808.0,3384.0,4.48,4.84,384,衰退 🟡
18:10:59,Block 63,2870,808.0,3384.0,4.48,4.84,477,衰退 🟡
18:12:31,Block 62,2880,807.9,3384.0,4.48,4.84,397,衰退 🟡
18:12:31,Block 63,2880,807.9,3384.0,4.48,4.84,463,衰退 🟡
18:14:03,Block 62,2890,807.9,3384.0,4.48,4.84,492,衰退 🟡
18:14:03,Block 63,2890,807.9,3384.0,4.48,4.84,465,衰退 🟡
18:15:35,Block 62,2900,807.8,3384.0,4.48,4.84,424,衰退 🟡
18:15:35,Block 63,2900,807.8,3384.0,4.48,4.84,463,衰退 🟡
18:17:07,Block 62,2910,807.9,3384.0,4.48,4.84,485,衰退 🟡
18:17:07,Block 63,2910,807.9,3384.0,4.48,4.84,452,衰退 🟡
18:18:40,Block 62,2920,807.9,3384.0,4.48,4.84,409,衰退 🟡
18:18:40,Block 63,2920,807.9,3384.0,4.48,4.84,477,衰退 🟡
18:20:12,Block 62,2930,808.0,3384.0,4.48,4.84,419,衰退 🟡
18:20:12,Block 63,2930,808.0,3384.0,4.48,4.84,461,衰退 🟡
18:21:44,Block 62,2940,807.8,3384.0,4.48,4.84,401,衰退 🟡
18:21:44,Block 63,2940,807.8,3384.0,4.48,4.84,478,衰退 🟡
18:23:16,Block 62,2950,807.9,3384.0,4.48,4.84,561,衰退 🟡
18:23:16,Block 63,2950,807.9,3384.0,4.48,4.84,451,衰退 🟡
18:24:48,Block 62,2960,807.9,3384.0,4.48,4.84,522,衰退 🟡
18:24:48,Block 63,2960,807.9,3384.0,4.48,4.84,466,衰退 🟡
18:26:21,Block 62,2970,807.9,3384.0,4.48,4.84,400,衰退 🟡
18:26:21,Block 63,2970,807.9,3384.0,4.48,4.84,470,衰退 🟡
18:27:53,Block 62,2980,807.8,3384.0,4.48,4.84,404,衰退 🟡
18:27:53,Block 63,2980,807.8,3384.0,4.48,4.84,447,衰退 🟡
18:29:25,Block 62,2990,807.8,3384.0,4.48,4.84,516,衰退 🟡
18:29:25,Block 63,2990,807.8,3384.0,4.48,4.84,467,衰退 🟡
18:30:57,Block 62,3000,807.9,3384.0,4.48,4.84,431,衰退 🟡
18:30:57,Block 63,3000,807.9,3384.0,4.48,4.84,457,衰退 🟡
18:32:29,Block 62,3010,807.8,3384.0,4.48,4.84,422,衰退 🟡
18:32:29,Block 63,3010,807.8,3384.0,4.48,4.84,460,衰退 🟡
18:34:01,Block 62,3020,808.0,3384.0,4.48,4.84,405,衰退 🟡
18:34:01,Block 63,3020,808.0,3384.0,4.48,4.84,464,衰退 🟡
18:35:34,Block 62,3030,807.9,3384.0,4.48,4.84,549,衰退 🟡
18:35:34,Block 63,3030,807.9,3384.0,4.48,4.84,455,衰退 🟡
18:37:06,Block 62,3040,807.9,3384.0,4.48,4.84,409,衰退 🟡
18:37:06,Block 63,3040,807.9,3384.0,4.48,4.84,449,衰退 🟡
18:38:38,Block 62,3050,807.6,3384.0,4.48,4.84,410,衰退 🟡
18:38:38,Block 63,3050,807.6,3384.0,4.48,4.84,474,衰退 🟡
18:40:10,Block 62,3060,807.8,3384.0,4.48,4.84,416,衰退 🟡
18:40:10,Block 63,3060,807.8,3384.0,4.48,4.84,463,衰退 🟡
18:41:42,Block 62,3070,807.9,3384.0,4.48,4.84,401,衰退 🟡
18:41:42,Block 63,3070,807.9,3384.0,4.48,4.84,483,衰退 🟡
18:43:15,Block 62,3080,807.9,3384.0,4.48,4.84,406,衰退 🟡
18:43:15,Block 63,3080,807.9,3384.0,4.48,4.84,465,衰退 🟡
18:44:47,Block 62,3090,807.9,3384.0,4.48,4.84,546,衰退 🟡
18:44:47,Block 63,3090,807.9,3384.0,4.48,4.84,454,衰退 🟡
18:46:19,Block 62,3100,807.8,3384.0,4.48,4.84,415,衰退 🟡
18:46:19,Block 63,3100,807.8,3384.0,4.48,4.84,447,衰退 🟡
18:47:51,Block 62,3110,807.9,3384.0,4.48,4.84,438,衰退 🟡
18:47:51,Block 63,3110,807.9,3384.0,4.48,4.84,460,衰退 🟡
18:49:23,Block 62,3120,807.6,3384.0,4.48,4.84,495,衰退 🟡
18:49:23,Block 63,3120,807.6,3384.0,4.48,4.84,472,衰退 🟡
18:50:55,Block 62,3130,807.8,3384.0,4.48,4.84,399,衰退 🟡
18:50:55,Block 63,3130,807.8,3384.0,4.48,4.84,481,衰退 🟡
18:52:28,Block 62,3140,807.8,3384.0,4.48,4.84,395,衰退 🟡
18:52:28,Block 63,3140,807.8,3384.0,4.48,4.84,451,衰退 🟡
18:54:00,Block 62,3150,807.7,3384.0,4.48,4.84,429,衰退 🟡
18:54:00,Block 63,3150,807.7,3384.0,4.48,4.84,482,衰退 🟡
18:55:32,Block 62,3160,807.9,3384.0,4.48,4.84,401,衰退 🟡
18:55:32,Block 63,3160,807.9,3384.0,4.48,4.84,468,衰退 🟡
18:57:04,Block 62,3170,807.8,3384.0,4.48,4.84,404,衰退 🟡
18:57:04,Block 63,3170,807.8,3384.0,4.48,4.84,451,衰退 🟡
18:58:36,Block 62,3180,807.6,3384.0,4.48,4.84,394,衰退 🟡
18:58:36,Block 63,3180,807.6,3384.0,4.48,4.84,466,衰退 🟡
19:00:09,Block 62,3190,807.8,3384.0,4.48,4.84,546,衰退 🟡
19:00:09,Block 63,3190,807.8,3384.0,4.48,4.84,461,衰退 🟡
19:01:41,Block 62,3200,807.5,3384.0,4.48,4.84,413,衰退 🟡
19:01:41,Block 63,3200,807.5,3384.0,4.48,4.84,468,衰退 🟡
19:03:13,Block 62,3210,807.8,3384.0,4.48,4.84,548,衰退 🟡
19:03:13,Block 63,3210,807.8,3384.0,4.48,4.84,490,衰退 🟡
19:04:45,Block 62,3220,807.7,3384.0,4.48,4.84,396,衰退 🟡
19:04:45,Block 63,3220,807.7,3384.0,4.48,4.84,480,衰退 🟡
19:06:17,Block 62,3230,807.8,3384.0,4.48,4.84,554,衰退 🟡
19:06:17,Block 63,3230,807.8,3384.0,4.48,4.84,450,衰退 🟡
19:07:49,Block 62,3240,807.9,3384.0,4.48,4.84,516,衰退 🟡
19:07:49,Block 63,3240,807.9,3384.0,4.48,4.84,483,衰退 🟡
19:09:22,Block 62,3250,807.9,3384.0,4.48,4.84,410,衰退 🟡
19:09:22,Block 63,3250,807.9,3384.0,4.48,4.84,461,衰退 🟡
19:10:54,Block 62,3260,807.7,3384.0,4.48,4.84,597,衰退 🟡
19:10:54,Block 63,3260,807.7,3384.0,4.48,4.84,461,衰退 🟡
19:12:26,Block 62,3270,807.5,3384.0,4.48,4.84,543,衰退 🟡
19:12:26,Block 63,3270,807.5,3384.0,4.48,4.84,464,衰退 🟡
19:13:58,Block 62,3280,807.4,3384.0,4.48,4.84,426,衰退 🟡
19:13:58,Block 63,3280,807.4,3384.0,4.48,4.84,470,衰退 🟡
19:15:30,Block 62,3290,807.6,3384.0,4.48,4.84,553,衰退 🟡
19:15:30,Block 63,3290,807.6,3384.0,4.48,4.84,462,衰退 🟡
19:17:03,Block 62,3300,807.7,3384.0,4.48,4.84,449,衰退 🟡
19:17:03,Block 63,3300,807.7,3384.0,4.48,4.84,457,衰退 🟡
19:18:35,Block 62,3310,807.6,3384.0,4.48,4.84,518,衰退 🟡
19:18:35,Block 63,3310,807.6,3384.0,4.48,4.84,480,衰退 🟡
19:20:07,Block 62,3320,807.8,3384.0,4.48,4.84,543,衰退 🟡
19:20:07,Block 63,3320,807.8,3384.0,4.48,4.84,490,衰退 🟡
19:21:39,Block 62,3330,807.8,3384.0,4.48,4.84,545,衰退 🟡
19:21:39,Block 63,3330,807.8,3384.0,4.48,4.84,463,衰退 🟡
19:23:11,Block 62,3340,807.7,3384.0,4.48,4.84,527,衰退 🟡
19:23:11,Block 63,3340,807.7,3384.0,4.48,4.84,459,衰退 🟡
19:24:43,Block 62,3350,807.6,3384.0,4.48,4.84,510,衰退 🟡
19:24:43,Block 63,3350,807.6,3384.0,4.48,4.84,460,衰退 🟡
19:26:16,Block 62,3360,807.7,3384.0,4.48,4.84,523,衰退 🟡
19:26:16,Block 63,3360,807.7,3384.0,4.48,4.84,485,衰退 🟡
19:27:48,Block 62,3370,807.8,3384.0,4.48,4.84,443,衰退 🟡
19:27:48,Block 63,3370,807.8,3384.0,4.48,4.84,493,衰退 🟡
19:29:20,Block 62,3380,807.7,3384.0,4.48,4.84,564,衰退 🟡
19:29:20,Block 63,3380,807.7,3384.0,4.48,4.84,457,衰退 🟡
19:30:52,Block 62,3390,807.5,3384.0,4.48,4.84,511,衰退 🟡
19:30:52,Block 63,3390,807.5,3384.0,4.48,4.84,475,衰退 🟡
19:32:24,Block 62,3400,807.8,3384.0,4.48,4.84,409,衰退 🟡
19:32:24,Block 63,3400,807.8,3384.0,4.48,4.84,484,衰退 🟡
19:33:57,Block 62,3410,807.6,3384.0,4.48,4.84,446,衰退 🟡
19:33:57,Block 63,3410,807.6,3384.0,4.48,4.84,481,衰退 🟡
19:35:29,Block 62,3420,807.7,3384.0,4.48,4.84,406,衰退 🟡
19:35:29,Block 63,3420,807.7,3384.0,4.48,4.84,481,衰退 🟡
19:37:01,Block 62,3430,807.7,3384.0,4.48,4.84,579,衰退 🟡
19:37:01,Block 63,3430,807.7,3384.0,4.48,4.84,469,衰退 🟡
19:38:33,Block 62,3440,807.5,3384.0,4.48,4.84,418,衰退 🟡
19:38:33,Block 63,3440,807.5,3384.0,4.48,4.84,453,衰退 🟡
19:40:05,Block 62,3450,807.6,3384.0,4.48,4.84,420,衰退 🟡
19:40:05,Block 63,3450,807.6,3384.0,4.48,4.84,494,衰退 🟡
19:41:37,Block 62,3460,807.5,3384.0,4.48,4.84,407,衰退 🟡
19:41:37,Block 63,3460,807.5,3384.0,4.48,4.84,480,衰退 🟡
19:43:10,Block 62,3470,807.7,3384.0,4.48,4.84,543,衰退 🟡
19:43:10,Block 63,3470,807.7,3384.0,4.48,4.84,477,衰退 🟡
19:44:42,Block 62,3480,807.4,3384.0,4.48,4.84,572,衰退 🟡
19:44:42,Block 63,3480,807.4,3384.0,4.48,4.84,486,衰退 🟡
19:46:14,Block 62,3490,807.6,3384.0,4.48,4.84,519,衰退 🟡
19:46:14,Block 63,3490,807.6,3384.0,4.48,4.84,550,衰退 🟡
19:47:46,Block 62,3500,807.5,3384.0,4.48,4.84,552,衰退 🟡
19:47:46,Block 63,3500,807.5,3384.0,4.48,4.84,485,衰退 🟡
19:49:18,Block 62,3510,807.5,3384.0,4.48,4.84,581,衰退 🟡
19:49:18,Block 63,3510,807.5,3384.0,4.48,4.84,598,衰退 🟡
19:50:50,Block 62,3520,807.5,3384.0,4.48,4.84,542,衰退 🟡
19:50:50,Block 63,3520,807.5,3384.0,4.48,4.84,544,衰退 🟡
19:52:23,Block 62,3530,807.4,3384.0,4.48,4.84,562,衰退 🟡
19:52:23,Block 63,3530,807.4,3384.0,4.48,4.84,486,衰退 🟡
19:53:55,Block 62,3540,807.6,3384.0,4.48,4.84,550,衰退 🟡
19:53:55,Block 63,3540,807.6,3384.0,4.48,4.84,513,衰退 🟡
19:55:27,Block 62,3550,807.6,3384.0,4.48,4.84,557,衰退 🟡
19:55:27,Block 63,3550,807.6,3384.0,4.48,4.84,588,衰退 🟡
19:56:59,Block 62,3560,807.7,3384.0,4.48,4.84,556,衰退 🟡
19:56:59,Block 63,3560,807.7,3384.0,4.48,4.84,489,衰退 🟡
19:58:31,Block 62,3570,807.6,3384.0,4.48,4.84,554,衰退 🟡
19:58:31,Block 63,3570,807.6,3384.0,4.48,4.84,557,衰退 🟡
20:00:04,Block 62,3580,807.5,3384.0,4.48,4.84,561,衰退 🟡
20:00:04,Block 63,3580,807.5,3384.0,4.48,4.84,487,衰退 🟡
20:01:36,Block 62,3590,807.8,3384.0,4.48,4.84,557,衰退 🟡
20:01:36,Block 63,3590,807.8,3384.0,4.48,4.84,509,衰退 🟡
20:03:08,Block 62,3600,807.2,3384.0,4.48,4.84,571,衰退 🟡
20:03:08,Block 63,3600,807.2,3384.0,4.48,4.84,557,衰退 🟡
20:04:40,Block 62,3610,807.5,3384.0,4.48,4.84,554,衰退 🟡
20:04:40,Block 63,3610,807.5,3384.0,4.48,4.84,495,衰退 🟡
20:06:12,Block 62,3620,807.5,3384.0,4.48,4.84,589,衰退 🟡
20:06:12,Block 63,3620,807.5,3384.0,4.48,4.84,469,衰退 🟡
20:07:44,Block 62,3630,807.5,3384.0,4.48,4.84,531,衰退 🟡
20:07:44,Block 63,3630,807.5,3384.0,4.48,4.84,512,衰退 🟡
20:09:17,Block 62,3640,807.4,3384.0,4.48,4.84,556,衰退 🟡
20:09:17,Block 63,3640,807.4,3384.0,4.48,4.84,514,衰退 🟡
20:10:49,Block 62,3650,807.7,3384.0,4.48,4.84,540,衰退 🟡
20:10:49,Block 63,3650,807.7,3384.0,4.48,4.84,478,衰退 🟡
20:12:21,Block 62,3660,807.6,3384.0,4.48,4.84,561,衰退 🟡
20:12:21,Block 63,3660,807.6,3384.0,4.48,4.84,492,衰退 🟡
20:13:53,Block 62,3670,807.6,3384.0,4.48,4.84,605,衰退 🟡
20:13:53,Block 63,3670,807.6,3384.0,4.48,4.84,501,衰退 🟡
20:15:25,Block 62,3680,807.6,3384.0,4.48,4.84,573,衰退 🟡
20:15:25,Block 63,3680,807.6,3384.0,4.48,4.84,520,衰退 🟡
20:16:58,Block 62,3690,807.4,3384.0,4.48,4.84,502,衰退 🟡
20:16:58,Block 63,3690,807.4,3384.0,4.48,4.84,496,衰退 🟡
20:18:30,Block 62,3700,807.2,3384.0,4.48,4.84,592,衰退 🟡
20:18:30,Block 63,3700,807.2,3384.0,4.48,4.84,598,衰退 🟡
20:20:02,Block 62,3710,807.5,3384.0,4.48,4.84,530,衰退 🟡
20:20:02,Block 63,3710,807.5,3384.0,4.48,4.84,499,衰退 🟡
20:21:34,Block 62,3720,807.5,3384.0,4.48,4.84,565,衰退 🟡
20:21:34,Block 63,3720,807.5,3384.0,4.48,4.84,487,衰退 🟡
20:23:06,Block 62,3730,807.4,3384.0,4.48,4.84,562,衰退 🟡
20:23:06,Block 63,3730,807.4,3384.0,4.48,4.84,500,衰退 🟡
20:24:38,Block 62,3740,807.3,3384.0,4.48,4.84,595,衰退 🟡
20:24:38,Block 63,3740,807.3,3384.0,4.48,4.84,496,衰退 🟡
20:26:11,Block 62,3750,807.3,3384.0,4.48,4.84,583,衰退 🟡
20:26:11,Block 63,3750,807.3,3384.0,4.48,4.84,515,衰退 🟡
20:27:43,Block 62,3760,807.4,3384.0,4.48,4.84,594,衰退 🟡
20:27:43,Block 63,3760,807.4,3384.0,4.48,4.84,519,衰退 🟡
20:29:15,Block 62,3770,807.7,3384.0,4.48,4.84,528,衰退 🟡
20:29:15,Block 63,3770,807.7,3384.0,4.48,4.84,481,衰退 🟡
20:30:47,Block 62,3780,807.4,3384.0,4.48,4.84,578,衰退 🟡
20:30:47,Block 63,3780,807.4,3384.0,4.48,4.84,506,衰退 🟡
20:32:19,Block 62,3790,807.5,3384.0,4.48,4.84,537,衰退 🟡
20:32:19,Block 63,3790,807.5,3384.0,4.48,4.84,488,衰退 🟡
20:33:51,Block 62,3800,807.5,3384.0,4.48,4.84,593,衰退 🟡
20:33:52,Block 63,3800,807.5,3384.0,4.48,4.84,489,衰退 🟡
20:35:24,Block 62,3810,807.3,3384.0,4.48,4.84,601,衰退 🟡
20:35:24,Block 63,3810,807.3,3384.0,4.48,4.84,498,衰退 🟡
20:36:56,Block 62,3820,807.2,3384.0,4.48,4.84,556,衰退 🟡
20:36:56,Block 63,3820,807.2,3384.0,4.48,4.84,504,衰退 🟡
20:38:28,Block 62,3830,807.4,3384.0,4.48,4.84,567,衰退 🟡
20:38:28,Block 63,3830,807.4,3384.0,4.48,4.84,481,衰退 🟡
20:40:00,Block 62,3840,807.3,3384.0,4.48,4.84,550,衰退 🟡
20:40:00,Block 63,3840,807.3,3384.0,4.48,4.84,468,衰退 🟡
20:41:32,Block 62,3850,807.5,3384.0,4.48,4.84,573,衰退 🟡
20:41:32,Block 63,3850,807.5,3384.0,4.48,4.84,492,衰退 🟡
20:43:05,Block 62,3860,807.3,3384.0,4.48,4.84,575,衰退 🟡
20:43:05,Block 63,3860,807.3,3384.0,4.48,4.84,497,衰退 🟡
20:44:37,Block 62,3870,807.3,3384.0,4.48,4.84,570,衰退 🟡
20:44:37,Block 63,3870,807.3,3384.0,4.48,4.84,496,衰退 🟡
20:46:09,Block 62,3880,807.2,3384.0,4.48,4.84,530,衰退 🟡
20:46:09,Block 63,3880,807.2,3384.0,4.48,4.84,513,衰退 🟡
20:47:41,Block 62,3890,807.5,3384.0,4.48,4.84,604,衰退 🟡
20:47:41,Block 63,3890,807.5,3384.0,4.48,4.84,463,衰退 🟡
20:49:13,Block 62,3900,807.4,3384.0,4.48,4.84,472,衰退 🟡
20:49:13,Block 63,3900,807.4,3384.0,4.48,4.84,471,衰退 🟡
20:50:45,Block 62,3910,807.3,3384.0,4.48,4.84,444,衰退 🟡
20:50:45,Block 63,3910,807.3,3384.0,4.48,4.84,500,衰退 🟡
20:52:18,Block 62,3920,807.2,3384.0,4.48,4.84,545,衰退 🟡
20:52:18,Block 63,3920,807.2,3384.0,4.48,4.84,492,衰退 🟡
20:53:50,Block 62,3930,807.4,3384.0,4.48,4.84,521,衰退 🟡
20:53:50,Block 63,3930,807.4,3384.0,4.48,4.84,470,衰退 🟡
20:55:22,Block 62,3940,807.5,3384.0,4.48,4.84,553,衰退 🟡
20:55:22,Block 63,3940,807.5,3384.0,4.48,4.84,494,衰退 🟡
20:56:54,Block 62,3950,807.4,3384.0,4.48,4.84,529,衰退 🟡
20:56:54,Block 63,3950,807.4,3384.0,4.48,4.84,506,衰退 🟡
20:58:26,Block 62,3960,807.4,3384.0,4.48,4.84,437,衰退 🟡
20:58:26,Block 63,3960,807.4,3384.0,4.48,4.84,471,衰退 🟡
20:59:58,Block 62,3970,807.3,3384.0,4.48,4.84,419,衰退 🟡
20:59:58,Block 63,3970,807.3,3384.0,4.48,4.84,486,衰退 🟡
21:01:31,Block 62,3980,807.4,3384.0,4.48,4.84,571,衰退 🟡
21:01:31,Block 63,3980,807.4,3384.0,4.48,4.84,470,衰退 🟡
21:03:03,Block 62,3990,807.6,3384.0,4.48,4.84,593,衰退 🟡
21:03:03,Block 63,3990,807.6,3384.0,4.48,4.84,486,衰退 🟡
21:04:35,Block 62,4000,807.1,3384.0,4.48,4.84,583,衰退 🟡
21:04:35,Block 63,4000,807.1,3384.0,4.48,4.84,488,衰退 🟡
