时间戳,物理块,磨损圈数,平均纯编程(μs),平均读耗时(μs),总线写带宽(MB/s),总线读带宽(MB/s),最大物理错数,健康分析
12:53:01,Block 142,20 圈,968.7,3384.4,4.39,4.84,329,衰退 🟡
12:53:01,Block 143,20 圈,968.7,3384.4,4.39,4.84,359,衰退 🟡
12:56:01,Block 142,40 圈,968.1,3384.4,4.39,4.84,358,衰退 🟡
12:56:01,Block 143,40 圈,968.1,3384.4,4.39,4.84,378,衰退 🟡
12:59:01,Block 142,60 圈,967.7,3384.4,4.39,4.84,348,衰退 🟡
12:59:01,Block 143,60 圈,967.7,3384.4,4.39,4.84,383,衰退 🟡
13:02:01,Block 142,80 圈,967.3,3384.4,4.39,4.84,371,衰退 🟡
13:02:01,Block 143,80 圈,967.3,3384.4,4.39,4.84,361,衰退 🟡
13:05:02,Block 142,100 圈,966.8,3384.4,4.39,4.84,386,衰退 🟡
13:05:02,Block 143,100 圈,966.8,3384.4,4.39,4.84,379,衰退 🟡
13:08:02,Block 142,120 圈,966.5,3384.4,4.39,4.84,370,衰退 🟡
13:08:02,Block 143,120 圈,966.5,3384.4,4.39,4.84,407,衰退 🟡
13:11:02,Block 142,140 圈,965.6,3384.4,4.39,4.84,362,衰退 🟡
13:11:02,Block 143,140 圈,965.6,3384.4,4.39,4.84,397,衰退 🟡
13:14:03,Block 142,160 圈,965.2,3384.4,4.39,4.84,373,衰退 🟡
13:14:03,Block 143,160 圈,965.2,3384.4,4.39,4.84,395,衰退 🟡
13:17:03,Block 142,180 圈,965.1,3384.4,4.39,4.84,348,衰退 🟡
13:17:03,Block 143,180 圈,965.1,3384.4,4.39,4.84,368,衰退 🟡
13:20:03,Block 142,200 圈,965.3,3384.4,4.39,4.84,342,衰退 🟡
13:20:03,Block 143,200 圈,965.3,3384.4,4.39,4.84,383,衰退 🟡
13:23:03,Block 142,220 圈,964.8,3384.4,4.39,4.84,364,衰退 🟡
13:23:03,Block 143,220 圈,964.8,3384.4,4.39,4.84,363,衰退 🟡
13:26:04,Block 142,240 圈,964.6,3384.4,4.39,4.84,395,衰退 🟡
13:26:04,Block 143,240 圈,964.6,3384.4,4.39,4.84,390,衰退 🟡
13:29:04,Block 142,260 圈,964.1,3384.4,4.39,4.84,357,衰退 🟡
13:29:04,Block 143,260 圈,964.1,3384.4,4.39,4.84,392,衰退 🟡
13:32:04,Block 142,280 圈,964.0,3384.4,4.39,4.84,394,衰退 🟡
13:32:04,Block 143,280 圈,964.0,3384.4,4.39,4.84,373,衰退 🟡
13:35:04,Block 142,300 圈,963.9,3384.4,4.39,4.84,360,衰退 🟡
13:35:04,Block 143,300 圈,963.9,3384.4,4.39,4.84,379,衰退 🟡
13:38:04,Block 142,320 圈,963.0,3384.4,4.39,4.84,413,衰退 🟡
13:38:04,Block 143,320 圈,963.0,3384.4,4.39,4.84,373,衰退 🟡
13:41:05,Block 142,340 圈,963.5,3384.4,4.39,4.84,420,衰退 🟡
13:41:05,Block 143,340 圈,963.5,3384.4,4.39,4.84,404,衰退 🟡
13:44:05,Block 142,360 圈,962.8,3384.4,4.39,4.84,427,衰退 🟡
13:44:05,Block 143,360 圈,962.8,3384.4,4.39,4.84,379,衰退 🟡
13:47:05,Block 142,380 圈,962.4,3384.4,4.39,4.84,345,衰退 🟡
13:47:05,Block 143,380 圈,962.4,3384.4,4.39,4.84,393,衰退 🟡
13:50:05,Block 142,400 圈,962.4,3384.4,4.39,4.84,335,衰退 🟡
13:50:05,Block 143,400 圈,962.4,3384.4,4.39,4.84,365,衰退 🟡
13:53:05,Block 142,420 圈,962.1,3384.4,4.39,4.84,410,衰退 🟡
13:53:05,Block 143,420 圈,962.1,3384.4,4.39,4.84,398,衰退 🟡
13:56:05,Block 142,440 圈,961.8,3384.4,4.39,4.84,362,衰退 🟡
13:56:05,Block 143,440 圈,961.8,3384.4,4.39,4.84,335,衰退 🟡
13:59:06,Block 142,460 圈,962.0,3384.4,4.39,4.84,357,衰退 🟡
13:59:06,Block 143,460 圈,962.0,3384.4,4.39,4.84,396,衰退 🟡
14:02:06,Block 142,480 圈,961.6,3384.4,4.39,4.84,345,衰退 🟡
14:02:06,Block 143,480 圈,961.6,3384.4,4.39,4.84,360,衰退 🟡
14:05:06,Block 142,500 圈,961.3,3384.4,4.39,4.84,392,衰退 🟡
14:05:06,Block 143,500 圈,961.3,3384.4,4.39,4.84,404,衰退 🟡
14:08:06,Block 142,520 圈,961.2,3384.4,4.39,4.84,369,衰退 🟡
14:08:06,Block 143,520 圈,961.2,3384.4,4.39,4.84,374,衰退 🟡
14:11:06,Block 142,540 圈,961.1,3384.4,4.39,4.84,410,衰退 🟡
14:11:06,Block 143,540 圈,961.1,3384.4,4.39,4.84,403,衰退 🟡
14:14:06,Block 142,560 圈,960.9,3384.4,4.39,4.84,335,衰退 🟡
14:14:06,Block 143,560 圈,960.9,3384.4,4.39,4.84,394,衰退 🟡
14:17:07,Block 142,580 圈,961.0,3384.4,4.39,4.84,347,衰退 🟡
14:17:07,Block 143,580 圈,961.0,3384.4,4.39,4.84,395,衰退 🟡
14:20:07,Block 142,600 圈,960.2,3384.4,4.39,4.84,368,衰退 🟡
14:20:07,Block 143,600 圈,960.2,3384.4,4.39,4.84,330,衰退 🟡
14:23:07,Block 142,620 圈,960.0,3384.4,4.39,4.84,363,衰退 🟡
14:23:07,Block 143,620 圈,960.0,3384.4,4.39,4.84,359,衰退 🟡
14:26:07,Block 142,640 圈,960.4,3384.4,4.39,4.84,382,衰退 🟡
14:26:07,Block 143,640 圈,960.4,3384.4,4.39,4.84,383,衰退 🟡
14:29:07,Block 142,660 圈,960.4,3384.4,4.39,4.84,382,衰退 🟡
14:29:07,Block 143,660 圈,960.4,3384.4,4.39,4.84,353,衰退 🟡
14:32:07,Block 142,680 圈,960.3,3384.4,4.39,4.84,364,衰退 🟡
14:32:07,Block 143,680 圈,960.3,3384.4,4.39,4.84,371,衰退 🟡
14:35:07,Block 142,700 圈,960.2,3384.4,4.39,4.84,354,衰退 🟡
14:35:07,Block 143,700 圈,960.2,3384.4,4.39,4.84,381,衰退 🟡
14:38:07,Block 142,720 圈,959.3,3384.4,4.39,4.84,362,衰退 🟡
14:38:07,Block 143,720 圈,959.3,3384.4,4.39,4.84,396,衰退 🟡
14:41:07,Block 142,740 圈,959.1,3384.4,4.39,4.84,386,衰退 🟡
14:41:07,Block 143,740 圈,959.1,3384.4,4.39,4.84,343,衰退 🟡
14:44:08,Block 142,760 圈,959.3,3384.4,4.39,4.84,344,衰退 🟡
14:44:08,Block 143,760 圈,959.3,3384.4,4.39,4.84,351,衰退 🟡
14:47:08,Block 142,780 圈,958.9,3384.4,4.39,4.84,368,衰退 🟡
14:47:08,Block 143,780 圈,958.9,3384.4,4.39,4.84,396,衰退 🟡
14:50:08,Block 142,800 圈,959.0,3384.4,4.39,4.84,376,衰退 🟡
14:50:08,Block 143,800 圈,959.0,3384.4,4.39,4.84,388,衰退 🟡
14:53:08,Block 142,820 圈,958.8,3384.4,4.39,4.84,383,衰退 🟡
14:53:08,Block 143,820 圈,958.8,3384.4,4.39,4.84,376,衰退 🟡
14:56:08,Block 142,840 圈,958.3,3384.4,4.39,4.84,394,衰退 🟡
14:56:08,Block 143,840 圈,958.3,3384.4,4.39,4.84,382,衰退 🟡
14:59:08,Block 142,860 圈,958.6,3384.4,4.39,4.84,550,衰退 🟡
14:59:08,Block 143,860 圈,958.6,3384.4,4.39,4.84,559,衰退 🟡
15:02:08,Block 142,880 圈,957.9,3384.4,4.39,4.84,558,衰退 🟡
15:02:08,Block 143,880 圈,957.9,3384.4,4.39,4.84,526,衰退 🟡
15:05:08,Block 142,900 圈,957.7,3384.3,4.39,4.84,338,衰退 🟡
15:05:08,Block 143,900 圈,957.7,3384.4,4.39,4.84,394,衰退 🟡
15:08:08,Block 142,920 圈,957.7,3384.4,4.39,4.84,545,衰退 🟡
15:08:08,Block 143,920 圈,957.7,3384.4,4.39,4.84,505,衰退 🟡
15:11:08,Block 142,940 圈,957.2,3384.4,4.39,4.84,371,衰退 🟡
15:11:08,Block 143,940 圈,957.2,3384.4,4.39,4.84,382,衰退 🟡
15:14:08,Block 142,960 圈,957.6,3384.4,4.39,4.84,465,衰退 🟡
15:14:08,Block 143,960 圈,957.6,3384.4,4.39,4.84,534,衰退 🟡
15:17:08,Block 142,980 圈,957.0,3384.4,4.39,4.84,348,衰退 🟡
15:17:08,Block 143,980 圈,957.0,3384.4,4.39,4.84,397,衰退 🟡
15:20:08,Block 142,1000 圈,956.2,3384.4,4.39,4.84,506,衰退 🟡
15:20:08,Block 143,1000 圈,956.2,3384.4,4.39,4.84,520,衰退 🟡
15:23:08,Block 142,1020 圈,956.5,3384.4,4.39,4.84,414,衰退 🟡
15:23:08,Block 143,1020 圈,956.5,3384.4,4.39,4.84,378,衰退 🟡
15:26:08,Block 142,1040 圈,957.0,3384.4,4.39,4.84,389,衰退 🟡
15:26:08,Block 143,1040 圈,957.0,3384.4,4.39,4.84,392,衰退 🟡
15:29:09,Block 142,1060 圈,956.1,3384.4,4.39,4.84,396,衰退 🟡
15:29:09,Block 143,1060 圈,956.1,3384.4,4.39,4.84,389,衰退 🟡
15:32:09,Block 142,1080 圈,956.0,3384.4,4.39,4.84,494,衰退 🟡
15:32:09,Block 143,1080 圈,956.0,3384.4,4.39,4.84,533,衰退 🟡
15:35:09,Block 142,1100 圈,955.2,3384.4,4.40,4.84,489,衰退 🟡
15:35:09,Block 143,1100 圈,955.2,3384.4,4.40,4.84,510,衰退 🟡
15:38:09,Block 142,1120 圈,955.2,3384.4,4.40,4.84,506,衰退 🟡
15:38:09,Block 143,1120 圈,955.2,3384.4,4.40,4.84,571,衰退 🟡
15:41:09,Block 142,1140 圈,955.2,3384.4,4.40,4.84,484,衰退 🟡
15:41:09,Block 143,1140 圈,955.2,3384.4,4.40,4.84,543,衰退 🟡
15:44:09,Block 142,1160 圈,955.2,3384.4,4.40,4.84,432,衰退 🟡
15:44:09,Block 143,1160 圈,955.2,3384.4,4.40,4.84,370,衰退 🟡
15:47:09,Block 142,1180 圈,954.7,3384.4,4.40,4.84,366,衰退 🟡
15:47:09,Block 143,1180 圈,954.7,3384.4,4.40,4.84,384,衰退 🟡
15:50:09,Block 142,1200 圈,954.5,3384.3,4.40,4.84,408,衰退 🟡
15:50:09,Block 143,1200 圈,954.5,3384.4,4.40,4.84,370,衰退 🟡
15:53:09,Block 142,1220 圈,954.1,3384.3,4.40,4.84,398,衰退 🟡
15:53:09,Block 143,1220 圈,954.1,3384.4,4.40,4.84,428,衰退 🟡
15:56:09,Block 142,1240 圈,953.8,3384.3,4.40,4.84,527,衰退 🟡
15:56:09,Block 143,1240 圈,953.8,3384.4,4.40,4.84,545,衰退 🟡
15:59:09,Block 142,1260 圈,953.5,3384.3,4.40,4.84,536,衰退 🟡
15:59:09,Block 143,1260 圈,953.5,3384.4,4.40,4.84,526,衰退 🟡
16:02:09,Block 142,1280 圈,953.3,3384.3,4.40,4.84,509,衰退 🟡
16:02:09,Block 143,1280 圈,953.3,3384.4,4.40,4.84,497,衰退 🟡
16:05:09,Block 142,1300 圈,953.0,3384.3,4.40,4.84,502,衰退 🟡
16:05:09,Block 143,1300 圈,953.0,3384.4,4.40,4.84,573,衰退 🟡
16:08:08,Block 142,1320 圈,953.2,3384.3,4.40,4.84,573,衰退 🟡
16:08:08,Block 143,1320 圈,953.2,3384.4,4.40,4.84,498,衰退 🟡
16:11:08,Block 142,1340 圈,953.4,3384.3,4.40,4.84,494,衰退 🟡
16:11:08,Block 143,1340 圈,953.4,3384.4,4.40,4.84,516,衰退 🟡
16:14:08,Block 142,1360 圈,952.4,3384.3,4.40,4.84,467,衰退 🟡
16:14:08,Block 143,1360 圈,952.4,3384.4,4.40,4.84,490,衰退 🟡
16:17:08,Block 142,1380 圈,952.3,3384.3,4.40,4.84,531,衰退 🟡
16:17:08,Block 143,1380 圈,952.3,3384.4,4.40,4.84,541,衰退 🟡
16:20:08,Block 142,1400 圈,952.7,3384.3,4.40,4.84,531,衰退 🟡
16:20:08,Block 143,1400 圈,952.7,3384.4,4.40,4.84,494,衰退 🟡
16:23:08,Block 142,1420 圈,952.1,3384.3,4.40,4.84,514,衰退 🟡
16:23:08,Block 143,1420 圈,952.1,3384.4,4.40,4.84,579,衰退 🟡
16:26:08,Block 142,1440 圈,951.7,3384.3,4.40,4.84,509,衰退 🟡
16:26:08,Block 143,1440 圈,951.7,3384.4,4.40,4.84,515,衰退 🟡
16:29:08,Block 142,1460 圈,951.7,3384.3,4.40,4.84,546,衰退 🟡
16:29:08,Block 143,1460 圈,951.7,3384.4,4.40,4.84,509,衰退 🟡
16:32:08,Block 142,1480 圈,952.1,3384.3,4.40,4.84,530,衰退 🟡
16:32:08,Block 143,1480 圈,952.1,3384.4,4.40,4.84,489,衰退 🟡
16:35:08,Block 142,1500 圈,951.2,3384.3,4.40,4.84,555,衰退 🟡
16:35:08,Block 143,1500 圈,951.2,3384.4,4.40,4.84,549,衰退 🟡
16:38:08,Block 142,1520 圈,951.5,3384.3,4.40,4.84,518,衰退 🟡
16:38:08,Block 143,1520 圈,951.5,3384.4,4.40,4.84,498,衰退 🟡
16:41:08,Block 142,1540 圈,951.3,3384.3,4.40,4.84,483,衰退 🟡
16:41:08,Block 143,1540 圈,951.3,3384.4,4.40,4.84,538,衰退 🟡
16:44:08,Block 142,1560 圈,951.3,3384.3,4.40,4.84,538,衰退 🟡
16:44:08,Block 143,1560 圈,951.3,3384.4,4.40,4.84,559,衰退 🟡
16:47:08,Block 142,1580 圈,950.8,3384.3,4.40,4.84,556,衰退 🟡
16:47:08,Block 143,1580 圈,950.8,3384.4,4.40,4.84,524,衰退 🟡
16:50:08,Block 142,1600 圈,950.6,3384.3,4.40,4.84,487,衰退 🟡
16:50:08,Block 143,1600 圈,950.6,3384.4,4.40,4.84,519,衰退 🟡
16:53:08,Block 142,1620 圈,950.5,3384.3,4.40,4.84,552,衰退 🟡
16:53:08,Block 143,1620 圈,950.5,3384.4,4.40,4.84,549,衰退 🟡
16:56:08,Block 142,1640 圈,950.4,3384.3,4.40,4.84,562,衰退 🟡
16:56:08,Block 143,1640 圈,950.4,3384.4,4.40,4.84,558,衰退 🟡
16:59:07,Block 142,1660 圈,950.2,3384.3,4.40,4.84,505,衰退 🟡
16:59:07,Block 143,1660 圈,950.2,3384.4,4.40,4.84,544,衰退 🟡
17:02:07,Block 142,1680 圈,950.7,3384.3,4.40,4.84,559,衰退 🟡
17:02:07,Block 143,1680 圈,950.7,3384.4,4.40,4.84,486,衰退 🟡
17:05:07,Block 142,1700 圈,949.9,3384.3,4.40,4.84,478,衰退 🟡
17:05:07,Block 143,1700 圈,949.9,3384.4,4.40,4.84,483,衰退 🟡
17:08:07,Block 142,1720 圈,950.4,3384.3,4.40,4.84,483,衰退 🟡
17:08:07,Block 143,1720 圈,950.4,3384.4,4.40,4.84,492,衰退 🟡
17:11:07,Block 142,1740 圈,950.2,3384.3,4.40,4.84,547,衰退 🟡
17:11:07,Block 143,1740 圈,950.2,3384.4,4.40,4.84,537,衰退 🟡
17:14:07,Block 142,1760 圈,950.0,3384.3,4.40,4.84,482,衰退 🟡
17:14:07,Block 143,1760 圈,950.0,3384.4,4.40,4.84,528,衰退 🟡
17:17:07,Block 142,1780 圈,949.6,3384.3,4.40,4.84,539,衰退 🟡
17:17:07,Block 143,1780 圈,949.6,3384.4,4.40,4.84,569,衰退 🟡
17:20:07,Block 142,1800 圈,949.8,3384.3,4.40,4.84,513,衰退 🟡
17:20:07,Block 143,1800 圈,949.8,3384.4,4.40,4.84,505,衰退 🟡
17:23:07,Block 142,1820 圈,949.1,3384.3,4.40,4.84,540,衰退 🟡
17:23:07,Block 143,1820 圈,949.1,3384.4,4.40,4.84,486,衰退 🟡
17:26:06,Block 142,1840 圈,949.1,3384.3,4.40,4.84,559,衰退 🟡
17:26:06,Block 143,1840 圈,949.1,3384.4,4.40,4.84,563,衰退 🟡
17:29:06,Block 142,1860 圈,949.5,3384.3,4.40,4.84,509,衰退 🟡
17:29:06,Block 143,1860 圈,949.5,3384.4,4.40,4.84,530,衰退 🟡
17:32:06,Block 142,1880 圈,948.6,3384.3,4.40,4.84,553,衰退 🟡
17:32:06,Block 143,1880 圈,948.6,3384.4,4.40,4.84,503,衰退 🟡
17:35:06,Block 142,1900 圈,948.3,3384.3,4.40,4.84,542,衰退 🟡
17:35:06,Block 143,1900 圈,948.3,3384.4,4.40,4.84,554,衰退 🟡
17:38:06,Block 142,1920 圈,948.2,3384.3,4.40,4.84,517,衰退 🟡
17:38:06,Block 143,1920 圈,948.2,3384.4,4.40,4.84,533,衰退 🟡
17:41:06,Block 142,1940 圈,948.5,3384.3,4.40,4.84,500,衰退 🟡
17:41:06,Block 143,1940 圈,948.5,3384.4,4.40,4.84,539,衰退 🟡
17:44:06,Block 142,1960 圈,948.0,3384.3,4.40,4.84,512,衰退 🟡
17:44:06,Block 143,1960 圈,948.0,3384.4,4.40,4.84,515,衰退 🟡
17:47:06,Block 142,1980 圈,947.8,3384.3,4.40,4.84,541,衰退 🟡
17:47:06,Block 143,1980 圈,947.8,3384.4,4.40,4.84,525,衰退 🟡
17:50:05,Block 142,2000 圈,947.7,3384.3,4.40,4.84,513,衰退 🟡
17:50:05,Block 143,2000 圈,947.7,3384.4,4.40,4.84,529,衰退 🟡
17:53:05,Block 142,2020 圈,946.9,3384.3,4.40,4.84,562,衰退 🟡
17:53:05,Block 143,2020 圈,946.9,3384.4,4.40,4.84,526,衰退 🟡
17:56:05,Block 142,2040 圈,947.5,3384.3,4.40,4.84,573,衰退 🟡
17:56:05,Block 143,2040 圈,947.5,3384.4,4.40,4.84,528,衰退 🟡
17:59:05,Block 142,2060 圈,946.9,3384.3,4.40,4.84,506,衰退 🟡
17:59:05,Block 143,2060 圈,946.9,3384.4,4.40,4.84,537,衰退 🟡
18:02:05,Block 142,2080 圈,946.9,3384.3,4.40,4.84,541,衰退 🟡
18:02:05,Block 143,2080 圈,946.9,3384.4,4.40,4.84,487,衰退 🟡
18:05:05,Block 142,2100 圈,946.9,3384.3,4.40,4.84,527,衰退 🟡
18:05:05,Block 143,2100 圈,946.9,3384.4,4.40,4.84,506,衰退 🟡
18:08:04,Block 142,2120 圈,946.8,3384.3,4.40,4.84,570,衰退 🟡
18:08:04,Block 143,2120 圈,946.8,3384.4,4.40,4.84,569,衰退 🟡
18:11:04,Block 142,2140 圈,946.7,3384.3,4.40,4.84,492,衰退 🟡
18:11:04,Block 143,2140 圈,946.7,3384.4,4.40,4.84,503,衰退 🟡
18:14:04,Block 142,2160 圈,947.1,3384.3,4.40,4.84,507,衰退 🟡
18:14:04,Block 143,2160 圈,947.1,3384.4,4.40,4.84,517,衰退 🟡
18:17:04,Block 142,2180 圈,946.2,3384.3,4.40,4.84,501,衰退 🟡
18:17:04,Block 143,2180 圈,946.2,3384.4,4.40,4.84,513,衰退 🟡
18:20:04,Block 142,2200 圈,946.5,3384.3,4.40,4.84,503,衰退 🟡
18:20:04,Block 143,2200 圈,946.5,3384.4,4.40,4.84,491,衰退 🟡
18:23:04,Block 142,2220 圈,946.4,3384.3,4.40,4.84,557,衰退 🟡
18:23:04,Block 143,2220 圈,946.4,3384.4,4.40,4.84,572,衰退 🟡
18:26:03,Block 142,2240 圈,946.0,3384.3,4.40,4.84,555,衰退 🟡
18:26:03,Block 143,2240 圈,946.0,3384.4,4.40,4.84,539,衰退 🟡
18:29:03,Block 142,2260 圈,946.6,3384.4,4.40,4.84,534,衰退 🟡
18:29:03,Block 143,2260 圈,946.6,3384.4,4.40,4.84,507,衰退 🟡
18:32:03,Block 142,2280 圈,946.1,3384.3,4.40,4.84,476,衰退 🟡
18:32:03,Block 143,2280 圈,946.1,3384.4,4.40,4.84,538,衰退 🟡
18:35:03,Block 142,2300 圈,946.0,3384.3,4.40,4.84,551,衰退 🟡
18:35:03,Block 143,2300 圈,946.0,3384.4,4.40,4.84,496,衰退 🟡
18:38:03,Block 142,2320 圈,945.9,3384.3,4.40,4.84,544,衰退 🟡
18:38:03,Block 143,2320 圈,945.9,3384.4,4.40,4.84,571,衰退 🟡
18:41:02,Block 142,2340 圈,945.7,3384.3,4.40,4.84,420,衰退 🟡
18:41:02,Block 143,2340 圈,945.7,3384.4,4.40,4.84,409,衰退 🟡
18:44:02,Block 142,2360 圈,945.7,3384.3,4.40,4.84,523,衰退 🟡
18:44:02,Block 143,2360 圈,945.7,3384.4,4.40,4.84,554,衰退 🟡
18:47:02,Block 142,2380 圈,946.1,3384.4,4.40,4.84,544,衰退 🟡
18:47:02,Block 143,2380 圈,946.1,3384.4,4.40,4.84,549,衰退 🟡
18:50:02,Block 142,2400 圈,945.6,3384.3,4.40,4.84,529,衰退 🟡
18:50:02,Block 143,2400 圈,945.6,3384.4,4.40,4.84,511,衰退 🟡
18:53:02,Block 142,2420 圈,945.7,3384.3,4.40,4.84,376,衰退 🟡
18:53:02,Block 143,2420 圈,945.7,3384.4,4.40,4.84,382,衰退 🟡
18:56:01,Block 142,2440 圈,945.4,3384.3,4.40,4.84,504,衰退 🟡
18:56:01,Block 143,2440 圈,945.4,3384.4,4.40,4.84,495,衰退 🟡
18:59:01,Block 142,2460 圈,945.7,3384.3,4.40,4.84,496,衰退 🟡
18:59:01,Block 143,2460 圈,945.7,3384.4,4.40,4.84,564,衰退 🟡
19:02:01,Block 142,2480 圈,945.2,3384.3,4.40,4.84,469,衰退 🟡
19:02:01,Block 143,2480 圈,945.2,3384.4,4.40,4.84,531,衰退 🟡
19:05:01,Block 142,2500 圈,945.7,3384.3,4.40,4.84,572,衰退 🟡
19:05:01,Block 143,2500 圈,945.7,3384.4,4.40,4.84,547,衰退 🟡
19:08:01,Block 142,2520 圈,944.8,3384.3,4.40,4.84,562,衰退 🟡
19:08:01,Block 143,2520 圈,944.8,3384.4,4.40,4.84,526,衰退 🟡
19:11:00,Block 142,2540 圈,945.0,3384.3,4.40,4.84,532,衰退 🟡
19:11:00,Block 143,2540 圈,945.0,3384.4,4.40,4.84,514,衰退 🟡
19:14:00,Block 142,2560 圈,944.9,3384.3,4.40,4.84,539,衰退 🟡
19:14:00,Block 143,2560 圈,944.9,3384.4,4.40,4.84,622,衰退 🟡
19:17:00,Block 142,2580 圈,944.5,3384.3,4.40,4.84,558,衰退 🟡
19:17:00,Block 143,2580 圈,944.5,3384.4,4.40,4.84,547,衰退 🟡
19:20:00,Block 142,2600 圈,944.8,3384.3,4.40,4.84,506,衰退 🟡
19:20:00,Block 143,2600 圈,944.8,3384.4,4.40,4.84,540,衰退 🟡
19:23:00,Block 142,2620 圈,945.0,3384.3,4.40,4.84,574,衰退 🟡
19:23:00,Block 143,2620 圈,945.0,3384.4,4.40,4.84,534,衰退 🟡
19:25:59,Block 142,2640 圈,944.6,3384.3,4.40,4.84,531,衰退 🟡
19:25:59,Block 143,2640 圈,944.6,3384.4,4.40,4.84,521,衰退 🟡
19:28:59,Block 142,2660 圈,944.8,3384.3,4.40,4.84,507,衰退 🟡
19:28:59,Block 143,2660 圈,944.8,3384.4,4.40,4.84,514,衰退 🟡
19:31:59,Block 142,2680 圈,944.7,3384.4,4.40,4.84,430,衰退 🟡
19:31:59,Block 143,2680 圈,944.7,3384.4,4.40,4.84,412,衰退 🟡
19:34:59,Block 142,2700 圈,944.7,3384.4,4.40,4.84,357,衰退 🟡
19:34:59,Block 143,2700 圈,944.7,3384.4,4.40,4.84,380,衰退 🟡
19:37:58,Block 142,2720 圈,944.5,3384.4,4.40,4.84,364,衰退 🟡
19:37:58,Block 143,2720 圈,944.5,3384.4,4.40,4.84,392,衰退 🟡
19:40:58,Block 142,2740 圈,944.6,3384.4,4.40,4.84,407,衰退 🟡
19:40:58,Block 143,2740 圈,944.6,3384.4,4.40,4.84,406,衰退 🟡
19:43:58,Block 142,2760 圈,944.6,3384.3,4.40,4.84,419,衰退 🟡
19:43:58,Block 143,2760 圈,944.6,3384.4,4.40,4.84,396,衰退 🟡
19:46:58,Block 142,2780 圈,944.3,3384.3,4.40,4.84,508,衰退 🟡
19:46:58,Block 143,2780 圈,944.3,3384.4,4.40,4.84,519,衰退 🟡
19:49:58,Block 142,2800 圈,944.3,3384.3,4.40,4.84,398,衰退 🟡
19:49:58,Block 143,2800 圈,944.3,3384.4,4.40,4.84,387,衰退 🟡
19:52:57,Block 142,2820 圈,943.7,3384.4,4.40,4.84,533,衰退 🟡
19:52:57,Block 143,2820 圈,943.7,3384.4,4.40,4.84,520,衰退 🟡
19:55:57,Block 142,2840 圈,944.0,3384.3,4.40,4.84,406,衰退 🟡
19:55:57,Block 143,2840 圈,944.0,3384.4,4.40,4.84,376,衰退 🟡
19:58:57,Block 142,2860 圈,943.5,3384.4,4.40,4.84,418,衰退 🟡
19:58:57,Block 143,2860 圈,943.5,3384.4,4.40,4.84,349,衰退 🟡
20:01:57,Block 142,2880 圈,944.1,3384.4,4.40,4.84,377,衰退 🟡
20:01:57,Block 143,2880 圈,944.1,3384.4,4.40,4.84,409,衰退 🟡
20:04:56,Block 142,2900 圈,944.2,3384.3,4.40,4.84,430,衰退 🟡
20:04:56,Block 143,2900 圈,944.2,3384.4,4.40,4.84,416,衰退 🟡
20:07:56,Block 142,2920 圈,943.7,3384.3,4.40,4.84,495,衰退 🟡
20:07:56,Block 143,2920 圈,943.7,3384.4,4.40,4.84,516,衰退 🟡
20:10:56,Block 142,2940 圈,943.5,3384.3,4.40,4.84,416,衰退 🟡
20:10:56,Block 143,2940 圈,943.5,3384.4,4.40,4.84,413,衰退 🟡
20:13:56,Block 142,2960 圈,943.6,3384.4,4.40,4.84,354,衰退 🟡
20:13:56,Block 143,2960 圈,943.6,3384.4,4.40,4.84,387,衰退 🟡
20:16:55,Block 142,2980 圈,943.3,3384.4,4.40,4.84,491,衰退 🟡
20:16:55,Block 143,2980 圈,943.3,3384.4,4.40,4.84,568,衰退 🟡
20:19:55,Block 142,3000 圈,943.4,3384.3,4.40,4.84,577,衰退 🟡
20:19:55,Block 143,3000 圈,943.4,3384.4,4.40,4.84,526,衰退 🟡
20:22:55,Block 142,3020 圈,943.6,3384.3,4.40,4.84,410,衰退 🟡
20:22:55,Block 143,3020 圈,943.6,3384.4,4.40,4.84,389,衰退 🟡
20:25:55,Block 142,3040 圈,943.2,3384.3,4.40,4.84,364,衰退 🟡
20:25:55,Block 143,3040 圈,943.2,3384.4,4.40,4.84,391,衰退 🟡
20:28:54,Block 142,3060 圈,943.5,3384.3,4.40,4.84,389,衰退 🟡
20:28:54,Block 143,3060 圈,943.5,3384.4,4.40,4.84,394,衰退 🟡
20:31:54,Block 142,3080 圈,943.0,3384.3,4.40,4.84,505,衰退 🟡
20:31:54,Block 143,3080 圈,943.0,3384.4,4.40,4.84,516,衰退 🟡
20:34:54,Block 142,3100 圈,943.2,3384.4,4.40,4.84,506,衰退 🟡
20:34:54,Block 143,3100 圈,943.2,3384.4,4.40,4.84,518,衰退 🟡
20:37:54,Block 142,3120 圈,943.3,3384.4,4.40,4.84,589,衰退 🟡
20:37:54,Block 143,3120 圈,943.3,3384.4,4.40,4.84,561,衰退 🟡
20:40:54,Block 142,3140 圈,943.2,3384.4,4.40,4.84,579,衰退 🟡
20:40:54,Block 143,3140 圈,943.2,3384.4,4.40,4.84,575,衰退 🟡
20:43:53,Block 142,3160 圈,943.5,3384.4,4.40,4.84,389,衰退 🟡
20:43:53,Block 143,3160 圈,943.5,3384.4,4.40,4.84,415,衰退 🟡
20:46:53,Block 142,3180 圈,942.5,3384.4,4.40,4.84,396,衰退 🟡
20:46:53,Block 143,3180 圈,942.5,3384.4,4.40,4.84,402,衰退 🟡
20:49:53,Block 142,3200 圈,942.7,3384.4,4.40,4.84,520,衰退 🟡
20:49:53,Block 143,3200 圈,942.7,3384.4,4.40,4.84,545,衰退 🟡
20:52:52,Block 142,3220 圈,942.5,3384.3,4.40,4.84,395,衰退 🟡
20:52:53,Block 143,3220 圈,942.5,3384.4,4.40,4.84,394,衰退 🟡
20:55:52,Block 142,3240 圈,942.3,3384.3,4.40,4.84,434,衰退 🟡
20:55:52,Block 143,3240 圈,942.3,3384.4,4.40,4.84,424,衰退 🟡
20:58:52,Block 142,3260 圈,942.8,3384.4,4.40,4.84,372,衰退 🟡
20:58:52,Block 143,3260 圈,942.8,3384.4,4.40,4.84,445,衰退 🟡
21:01:52,Block 142,3280 圈,942.4,3384.3,4.40,4.84,396,衰退 🟡
21:01:52,Block 143,3280 圈,942.4,3384.4,4.40,4.84,423,衰退 🟡
21:04:51,Block 142,3300 圈,942.2,3384.4,4.40,4.84,383,衰退 🟡
21:04:51,Block 143,3300 圈,942.2,3384.4,4.40,4.84,412,衰退 🟡
21:07:51,Block 142,3320 圈,942.7,3384.4,4.40,4.84,420,衰退 🟡
21:07:51,Block 143,3320 圈,942.7,3384.4,4.40,4.84,462,衰退 🟡
21:10:51,Block 142,3340 圈,942.5,3384.4,4.40,4.84,514,衰退 🟡
21:10:51,Block 143,3340 圈,942.5,3384.4,4.40,4.84,532,衰退 🟡
21:13:51,Block 142,3360 圈,942.3,3384.4,4.40,4.84,509,衰退 🟡
21:13:51,Block 143,3360 圈,942.3,3384.4,4.40,4.84,561,衰退 🟡
21:16:50,Block 142,3380 圈,942.1,3384.4,4.40,4.84,413,衰退 🟡
21:16:50,Block 143,3380 圈,942.1,3384.4,4.40,4.84,410,衰退 🟡
21:19:50,Block 142,3400 圈,942.3,3384.4,4.40,4.84,396,衰退 🟡
21:19:50,Block 143,3400 圈,942.3,3384.4,4.40,4.84,393,衰退 🟡
21:22:50,Block 142,3420 圈,942.3,3384.4,4.40,4.84,379,衰退 🟡
21:22:50,Block 143,3420 圈,942.3,3384.4,4.40,4.84,410,衰退 🟡
21:25:50,Block 142,3440 圈,942.2,3384.4,4.40,4.84,393,衰退 🟡
21:25:50,Block 143,3440 圈,942.2,3384.4,4.40,4.84,403,衰退 🟡
21:28:49,Block 142,3460 圈,942.0,3384.4,4.40,4.84,353,衰退 🟡
21:28:49,Block 143,3460 圈,942.0,3384.4,4.40,4.84,395,衰退 🟡
21:31:49,Block 142,3480 圈,941.8,3384.4,4.40,4.84,395,衰退 🟡
21:31:49,Block 143,3480 圈,941.8,3384.4,4.40,4.84,384,衰退 🟡
21:34:49,Block 142,3500 圈,942.0,3384.4,4.40,4.84,394,衰退 🟡
21:34:49,Block 143,3500 圈,942.0,3384.4,4.40,4.84,417,衰退 🟡
21:37:48,Block 142,3520 圈,941.6,3384.4,4.40,4.84,393,衰退 🟡
21:37:48,Block 143,3520 圈,941.6,3384.4,4.40,4.84,370,衰退 🟡
21:40:48,Block 142,3540 圈,941.6,3384.4,4.40,4.84,365,衰退 🟡
21:40:48,Block 143,3540 圈,941.6,3384.4,4.40,4.84,393,衰退 🟡
21:43:48,Block 142,3560 圈,941.9,3384.4,4.40,4.84,417,衰退 🟡
21:43:48,Block 143,3560 圈,941.9,3384.4,4.40,4.84,386,衰退 🟡
21:46:48,Block 142,3580 圈,941.0,3384.4,4.40,4.84,390,衰退 🟡
21:46:48,Block 143,3580 圈,941.0,3384.4,4.40,4.84,420,衰退 🟡
21:49:47,Block 142,3600 圈,941.5,3384.4,4.40,4.84,417,衰退 🟡
21:49:47,Block 143,3600 圈,941.5,3384.4,4.40,4.84,426,衰退 🟡
21:52:47,Block 142,3620 圈,940.9,3384.4,4.40,4.84,413,衰退 🟡
21:52:47,Block 143,3620 圈,940.9,3384.4,4.40,4.84,379,衰退 🟡
21:55:47,Block 142,3640 圈,941.5,3384.4,4.40,4.84,394,衰退 🟡
21:55:47,Block 143,3640 圈,941.5,3384.4,4.40,4.84,426,衰退 🟡
21:58:46,Block 142,3660 圈,941.3,3384.4,4.40,4.84,388,衰退 🟡
21:58:46,Block 143,3660 圈,941.3,3384.4,4.40,4.84,430,衰退 🟡
22:01:46,Block 142,3680 圈,941.1,3384.4,4.40,4.84,525,衰退 🟡
22:01:46,Block 143,3680 圈,941.1,3384.4,4.40,4.84,548,衰退 🟡
22:04:46,Block 142,3700 圈,940.9,3384.4,4.40,4.84,391,衰退 🟡
22:04:46,Block 143,3700 圈,940.9,3384.4,4.40,4.84,393,衰退 🟡
22:07:45,Block 142,3720 圈,941.0,3384.4,4.40,4.84,393,衰退 🟡
22:07:45,Block 143,3720 圈,941.0,3384.4,4.40,4.84,431,衰退 🟡
22:10:45,Block 142,3740 圈,940.6,3384.4,4.40,4.84,497,衰退 🟡
22:10:45,Block 143,3740 圈,940.6,3384.4,4.40,4.84,545,衰退 🟡
22:13:45,Block 142,3760 圈,940.9,3384.4,4.40,4.84,387,衰退 🟡
22:13:45,Block 143,3760 圈,940.9,3384.4,4.40,4.84,450,衰退 🟡
22:16:45,Block 142,3780 圈,941.0,3384.4,4.40,4.84,429,衰退 🟡
22:16:45,Block 143,3780 圈,941.0,3384.4,4.40,4.84,408,衰退 🟡
22:19:44,Block 142,3800 圈,941.0,3384.4,4.40,4.84,387,衰退 🟡
22:19:44,Block 143,3800 圈,941.0,3384.4,4.40,4.84,416,衰退 🟡
22:22:44,Block 142,3820 圈,940.9,3384.4,4.40,4.84,381,衰退 🟡
22:22:44,Block 143,3820 圈,940.9,3384.4,4.40,4.84,415,衰退 🟡
22:25:44,Block 142,3840 圈,940.8,3384.4,4.40,4.84,402,衰退 🟡
22:25:44,Block 143,3840 圈,940.8,3384.4,4.40,4.84,404,衰退 🟡
22:28:43,Block 142,3860 圈,940.9,3384.4,4.40,4.84,393,衰退 🟡
22:28:43,Block 143,3860 圈,940.9,3384.4,4.40,4.84,445,衰退 🟡
22:31:43,Block 142,3880 圈,940.9,3384.4,4.40,4.84,404,衰退 🟡
22:31:43,Block 143,3880 圈,940.9,3384.4,4.40,4.84,351,衰退 🟡
22:34:43,Block 142,3900 圈,940.6,3384.4,4.40,4.84,346,衰退 🟡
22:34:43,Block 143,3900 圈,940.6,3384.4,4.40,4.84,401,衰退 🟡
22:37:42,Block 142,3920 圈,940.5,3384.4,4.40,4.84,414,衰退 🟡
22:37:42,Block 143,3920 圈,940.5,3384.4,4.40,4.84,477,衰退 🟡
22:40:42,Block 142,3940 圈,940.1,3384.4,4.40,4.84,383,衰退 🟡
22:40:42,Block 143,3940 圈,940.1,3384.4,4.40,4.84,380,衰退 🟡
22:43:42,Block 142,3960 圈,940.3,3384.4,4.40,4.84,391,衰退 🟡
22:43:42,Block 143,3960 圈,940.3,3384.4,4.40,4.84,416,衰退 🟡
22:46:41,Block 142,3980 圈,939.9,3384.4,4.40,4.84,401,衰退 🟡
22:46:41,Block 143,3980 圈,939.9,3384.4,4.40,4.84,427,衰退 🟡
22:49:41,Block 142,4000 圈,940.2,3384.4,4.40,4.84,402,衰退 🟡
22:49:41,Block 143,4000 圈,940.2,3384.4,4.40,4.84,404,衰退 🟡
22:52:41,Block 142,4020 圈,939.8,3384.4,4.40,4.84,405,衰退 🟡
22:52:41,Block 143,4020 圈,939.8,3384.4,4.40,4.84,392,衰退 🟡
22:55:41,Block 142,4040 圈,940.0,3384.4,4.40,4.84,391,衰退 🟡
22:55:41,Block 143,4040 圈,940.0,3384.4,4.40,4.84,425,衰退 🟡
22:58:40,Block 142,4060 圈,939.9,3384.4,4.40,4.84,375,衰退 🟡
22:58:40,Block 143,4060 圈,939.9,3384.4,4.40,4.84,399,衰退 🟡
23:01:40,Block 142,4080 圈,939.8,3384.4,4.40,4.84,380,衰退 🟡
23:01:40,Block 143,4080 圈,939.8,3384.4,4.40,4.84,401,衰退 🟡
23:04:40,Block 142,4100 圈,940.3,3384.4,4.40,4.84,400,衰退 🟡
23:04:40,Block 143,4100 圈,940.3,3384.4,4.40,4.84,432,衰退 🟡
23:07:39,Block 142,4120 圈,940.3,3384.4,4.40,4.84,414,衰退 🟡
23:07:39,Block 143,4120 圈,940.3,3384.4,4.40,4.84,424,衰退 🟡
23:10:39,Block 142,4140 圈,939.9,3384.4,4.40,4.84,354,衰退 🟡
23:10:39,Block 143,4140 圈,939.9,3384.4,4.40,4.84,390,衰退 🟡
23:13:39,Block 142,4160 圈,939.8,3384.4,4.40,4.84,413,衰退 🟡
23:13:39,Block 143,4160 圈,939.8,3384.4,4.40,4.84,435,衰退 🟡
23:16:38,Block 142,4180 圈,939.7,3384.4,4.40,4.84,417,衰退 🟡
23:16:38,Block 143,4180 圈,939.7,3384.4,4.40,4.84,416,衰退 🟡
23:19:38,Block 142,4200 圈,939.7,3384.4,4.40,4.84,416,衰退 🟡
23:19:38,Block 143,4200 圈,939.7,3384.4,4.40,4.84,433,衰退 🟡
23:22:38,Block 142,4220 圈,939.7,3384.4,4.40,4.84,402,衰退 🟡
23:22:38,Block 143,4220 圈,939.7,3384.4,4.40,4.84,399,衰退 🟡
23:25:37,Block 142,4240 圈,939.7,3384.4,4.40,4.84,401,衰退 🟡
23:25:37,Block 143,4240 圈,939.7,3384.4,4.40,4.84,399,衰退 🟡
23:28:37,Block 142,4260 圈,939.4,3384.4,4.40,4.84,377,衰退 🟡
23:28:37,Block 143,4260 圈,939.4,3384.4,4.40,4.84,429,衰退 🟡
23:31:36,Block 142,4280 圈,939.3,3384.4,4.40,4.84,408,衰退 🟡
23:31:37,Block 143,4280 圈,939.3,3384.4,4.40,4.84,393,衰退 🟡
23:34:36,Block 142,4300 圈,939.4,3384.4,4.40,4.84,391,衰退 🟡
23:34:36,Block 143,4300 圈,939.4,3384.4,4.40,4.84,382,衰退 🟡
23:37:36,Block 142,4320 圈,939.7,3384.4,4.40,4.84,376,衰退 🟡
23:37:36,Block 143,4320 圈,939.7,3384.4,4.40,4.84,410,衰退 🟡
23:40:35,Block 142,4340 圈,939.6,3384.4,4.40,4.84,403,衰退 🟡
23:40:35,Block 143,4340 圈,939.6,3384.4,4.40,4.84,380,衰退 🟡
23:43:35,Block 142,4360 圈,939.3,3384.4,4.40,4.84,408,衰退 🟡
23:43:35,Block 143,4360 圈,939.3,3384.4,4.40,4.84,413,衰退 🟡
23:46:35,Block 142,4380 圈,939.3,3384.4,4.40,4.84,442,衰退 🟡
23:46:35,Block 143,4380 圈,939.3,3384.4,4.40,4.84,435,衰退 🟡
23:49:34,Block 142,4400 圈,939.4,3384.4,4.40,4.84,430,衰退 🟡
23:49:34,Block 143,4400 圈,939.4,3384.4,4.40,4.84,408,衰退 🟡
23:52:34,Block 142,4420 圈,939.2,3384.4,4.40,4.84,404,衰退 🟡
23:52:34,Block 143,4420 圈,939.2,3384.4,4.40,4.84,423,衰退 🟡
23:55:34,Block 142,4440 圈,939.2,3384.4,4.40,4.84,386,衰退 🟡
23:55:34,Block 143,4440 圈,939.2,3384.4,4.40,4.84,413,衰退 🟡
23:58:33,Block 142,4460 圈,938.9,3384.4,4.40,4.84,378,衰退 🟡
23:58:33,Block 143,4460 圈,938.9,3384.4,4.40,4.84,443,衰退 🟡
00:01:33,Block 142,4480 圈,938.7,3384.4,4.41,4.84,402,衰退 🟡
00:01:33,Block 143,4480 圈,938.7,3384.4,4.41,4.84,400,衰退 🟡
00:04:33,Block 142,4500 圈,939.2,3384.4,4.40,4.84,418,衰退 🟡
00:04:33,Block 143,4500 圈,939.2,3384.4,4.40,4.84,401,衰退 🟡
00:07:32,Block 142,4520 圈,939.0,3384.4,4.40,4.84,380,衰退 🟡
00:07:32,Block 143,4520 圈,939.0,3384.4,4.40,4.84,473,衰退 🟡
00:10:32,Block 142,4540 圈,939.0,3384.4,4.40,4.84,401,衰退 🟡
00:10:32,Block 143,4540 圈,939.0,3384.4,4.40,4.84,458,衰退 🟡
00:13:32,Block 142,4560 圈,939.0,3384.4,4.40,4.84,416,衰退 🟡
00:13:32,Block 143,4560 圈,939.0,3384.4,4.40,4.84,418,衰退 🟡
00:16:31,Block 142,4580 圈,939.0,3384.4,4.40,4.84,425,衰退 🟡
00:16:31,Block 143,4580 圈,939.0,3384.4,4.40,4.84,419,衰退 🟡
00:19:31,Block 142,4600 圈,938.2,3384.4,4.41,4.84,410,衰退 🟡
00:19:31,Block 143,4600 圈,938.2,3384.4,4.41,4.84,383,衰退 🟡
00:22:30,Block 142,4620 圈,938.4,3384.4,4.41,4.84,413,衰退 🟡
00:22:30,Block 143,4620 圈,938.4,3384.4,4.41,4.84,394,衰退 🟡
00:25:30,Block 142,4640 圈,938.8,3384.4,4.40,4.84,404,衰退 🟡
00:25:30,Block 143,4640 圈,938.8,3384.4,4.40,4.84,439,衰退 🟡
00:28:30,Block 142,4660 圈,938.6,3384.4,4.41,4.84,384,衰退 🟡
00:28:30,Block 143,4660 圈,938.6,3384.4,4.41,4.84,424,衰退 🟡
00:31:29,Block 142,4680 圈,938.7,3384.4,4.41,4.84,432,衰退 🟡
00:31:29,Block 143,4680 圈,938.7,3384.4,4.41,4.84,407,衰退 🟡
00:34:29,Block 142,4700 圈,938.8,3384.4,4.41,4.84,421,衰退 🟡
00:34:29,Block 143,4700 圈,938.8,3384.4,4.41,4.84,380,衰退 🟡
00:37:29,Block 142,4720 圈,938.4,3384.4,4.41,4.84,443,衰退 🟡
00:37:29,Block 143,4720 圈,938.4,3384.4,4.41,4.84,411,衰退 🟡
00:40:28,Block 142,4740 圈,938.4,3384.4,4.41,4.84,411,衰退 🟡
00:40:28,Block 143,4740 圈,938.4,3384.4,4.41,4.84,395,衰退 🟡
00:43:28,Block 142,4760 圈,938.2,3384.4,4.41,4.84,378,衰退 🟡
00:43:28,Block 143,4760 圈,938.2,3384.4,4.41,4.84,442,衰退 🟡
00:46:28,Block 142,4780 圈,938.2,3384.4,4.41,4.84,413,衰退 🟡
00:46:28,Block 143,4780 圈,938.2,3384.4,4.41,4.84,379,衰退 🟡
00:49:27,Block 142,4800 圈,937.8,3384.4,4.41,4.84,397,衰退 🟡
00:49:27,Block 143,4800 圈,937.8,3384.4,4.41,4.84,411,衰退 🟡
00:52:27,Block 142,4820 圈,938.2,3384.4,4.41,4.84,399,衰退 🟡
00:52:27,Block 143,4820 圈,938.2,3384.4,4.41,4.84,393,衰退 🟡
00:55:26,Block 142,4840 圈,937.9,3384.4,4.41,4.84,401,衰退 🟡
00:55:26,Block 143,4840 圈,937.9,3384.4,4.41,4.84,397,衰退 🟡
00:58:26,Block 142,4860 圈,938.3,3384.4,4.41,4.84,398,衰退 🟡
00:58:26,Block 143,4860 圈,938.3,3384.4,4.41,4.84,392,衰退 🟡
01:01:26,Block 142,4880 圈,937.9,3384.4,4.41,4.84,400,衰退 🟡
01:01:26,Block 143,4880 圈,937.9,3384.4,4.41,4.84,446,衰退 🟡
01:04:25,Block 142,4900 圈,937.5,3384.4,4.41,4.84,394,衰退 🟡
01:04:25,Block 143,4900 圈,937.5,3384.4,4.41,4.84,455,衰退 🟡
01:07:25,Block 142,4920 圈,937.9,3384.4,4.41,4.84,416,衰退 🟡
01:07:25,Block 143,4920 圈,937.9,3384.4,4.41,4.84,402,衰退 🟡
01:10:25,Block 142,4940 圈,937.8,3384.4,4.41,4.84,414,衰退 🟡
01:10:25,Block 143,4940 圈,937.8,3384.4,4.41,4.84,400,衰退 🟡
01:13:24,Block 142,4960 圈,937.5,3384.4,4.41,4.84,415,衰退 🟡
01:13:24,Block 143,4960 圈,937.5,3384.4,4.41,4.84,383,衰退 🟡
01:16:24,Block 142,4980 圈,937.8,3384.4,4.41,4.84,416,衰退 🟡
01:16:24,Block 143,4980 圈,937.8,3384.4,4.41,4.84,407,衰退 🟡
01:19:23,Block 142,5000 圈,937.4,3384.4,4.41,4.84,413,衰退 🟡
01:19:23,Block 143,5000 圈,937.4,3384.4,4.41,4.84,409,衰退 🟡
01:22:23,Block 142,5020 圈,937.4,3384.4,4.41,4.84,384,衰退 🟡
01:22:23,Block 143,5020 圈,937.4,3384.4,4.41,4.84,446,衰退 🟡
01:25:23,Block 142,5040 圈,937.5,3384.4,4.41,4.84,417,衰退 🟡
01:25:23,Block 143,5040 圈,937.5,3384.4,4.41,4.84,461,衰退 🟡
01:28:22,Block 142,5060 圈,937.1,3384.4,4.41,4.84,423,衰退 🟡
01:28:22,Block 143,5060 圈,937.1,3384.4,4.41,4.84,420,衰退 🟡
01:31:22,Block 142,5080 圈,936.9,3384.4,4.41,4.84,403,衰退 🟡
01:31:22,Block 143,5080 圈,936.9,3384.4,4.41,4.84,445,衰退 🟡
01:34:21,Block 142,5100 圈,937.2,3384.4,4.41,4.84,402,衰退 🟡
01:34:21,Block 143,5100 圈,937.2,3384.4,4.41,4.84,419,衰退 🟡
01:37:21,Block 142,5120 圈,936.8,3384.4,4.41,4.84,400,衰退 🟡
01:37:21,Block 143,5120 圈,936.8,3384.4,4.41,4.84,401,衰退 🟡
01:40:21,Block 142,5140 圈,937.4,3384.4,4.41,4.84,419,衰退 🟡
01:40:21,Block 143,5140 圈,937.4,3384.4,4.41,4.84,442,衰退 🟡
01:43:20,Block 142,5160 圈,937.1,3384.4,4.41,4.84,406,衰退 🟡
01:43:20,Block 143,5160 圈,937.1,3384.4,4.41,4.84,398,衰退 🟡
01:46:20,Block 142,5180 圈,937.0,3384.4,4.41,4.84,391,衰退 🟡
01:46:20,Block 143,5180 圈,937.0,3384.4,4.41,4.84,425,衰退 🟡
01:49:19,Block 142,5200 圈,936.8,3384.4,4.41,4.84,425,衰退 🟡
01:49:19,Block 143,5200 圈,936.8,3384.4,4.41,4.84,412,衰退 🟡
01:52:19,Block 142,5220 圈,937.1,3384.4,4.41,4.84,435,衰退 🟡
01:52:19,Block 143,5220 圈,937.1,3384.4,4.41,4.84,434,衰退 🟡
01:55:19,Block 142,5240 圈,936.1,3384.4,4.41,4.84,382,衰退 🟡
01:55:19,Block 143,5240 圈,936.1,3384.4,4.41,4.84,466,衰退 🟡
01:58:18,Block 142,5260 圈,936.2,3384.4,4.41,4.84,393,衰退 🟡
01:58:18,Block 143,5260 圈,936.2,3384.4,4.41,4.84,378,衰退 🟡
02:01:18,Block 142,5280 圈,936.3,3384.4,4.41,4.84,401,衰退 🟡
02:01:18,Block 143,5280 圈,936.3,3384.4,4.41,4.84,436,衰退 🟡
02:04:17,Block 142,5300 圈,936.2,3384.4,4.41,4.84,425,衰退 🟡
02:04:17,Block 143,5300 圈,936.2,3384.4,4.41,4.84,438,衰退 🟡
02:07:17,Block 142,5320 圈,936.3,3384.4,4.41,4.84,432,衰退 🟡
02:07:17,Block 143,5320 圈,936.3,3384.4,4.41,4.84,383,衰退 🟡
02:10:17,Block 142,5340 圈,936.1,3384.4,4.41,4.84,409,衰退 🟡
02:10:17,Block 143,5340 圈,936.1,3384.4,4.41,4.84,446,衰退 🟡
02:13:16,Block 142,5360 圈,936.2,3384.4,4.41,4.84,377,衰退 🟡
02:13:16,Block 143,5360 圈,936.2,3384.4,4.41,4.84,438,衰退 🟡
02:16:16,Block 142,5380 圈,936.0,3384.4,4.41,4.84,428,衰退 🟡
02:16:16,Block 143,5380 圈,936.0,3384.4,4.41,4.84,379,衰退 🟡
02:19:15,Block 142,5400 圈,935.9,3384.4,4.41,4.84,374,衰退 🟡
02:19:15,Block 143,5400 圈,935.9,3384.4,4.41,4.84,450,衰退 🟡
02:22:15,Block 142,5420 圈,935.8,3384.4,4.41,4.84,403,衰退 🟡
02:22:15,Block 143,5420 圈,935.8,3384.4,4.41,4.84,406,衰退 🟡
02:25:14,Block 142,5440 圈,936.0,3384.4,4.41,4.84,388,衰退 🟡
02:25:14,Block 143,5440 圈,936.0,3384.4,4.41,4.84,446,衰退 🟡
02:28:14,Block 142,5460 圈,936.0,3384.4,4.41,4.84,413,衰退 🟡
02:28:14,Block 143,5460 圈,936.0,3384.4,4.41,4.84,435,衰退 🟡
02:31:14,Block 142,5480 圈,935.8,3384.4,4.41,4.84,371,衰退 🟡
02:31:14,Block 143,5480 圈,935.8,3384.4,4.41,4.84,392,衰退 🟡
02:34:13,Block 142,5500 圈,935.9,3384.4,4.41,4.84,412,衰退 🟡
02:34:13,Block 143,5500 圈,935.9,3384.4,4.41,4.84,410,衰退 🟡
02:37:13,Block 142,5520 圈,935.5,3384.4,4.41,4.84,444,衰退 🟡
02:37:13,Block 143,5520 圈,935.5,3384.4,4.41,4.84,434,衰退 🟡
02:40:12,Block 142,5540 圈,935.7,3384.4,4.41,4.84,428,衰退 🟡
02:40:12,Block 143,5540 圈,935.7,3384.4,4.41,4.84,455,衰退 🟡
02:43:12,Block 142,5560 圈,935.8,3384.4,4.41,4.84,402,衰退 🟡
02:43:12,Block 143,5560 圈,935.8,3384.4,4.41,4.84,428,衰退 🟡
02:46:11,Block 142,5580 圈,934.9,3384.4,4.41,4.84,431,衰退 🟡
02:46:11,Block 143,5580 圈,934.9,3384.4,4.41,4.84,448,衰退 🟡
02:49:11,Block 142,5600 圈,934.7,3384.4,4.41,4.84,403,衰退 🟡
02:49:11,Block 143,5600 圈,934.7,3384.4,4.41,4.84,437,衰退 🟡
02:52:11,Block 142,5620 圈,935.1,3384.4,4.41,4.84,401,衰退 🟡
02:52:11,Block 143,5620 圈,935.1,3384.4,4.41,4.84,431,衰退 🟡
02:55:10,Block 142,5640 圈,935.0,3384.4,4.41,4.84,407,衰退 🟡
02:55:10,Block 143,5640 圈,935.0,3384.4,4.41,4.84,414,衰退 🟡
02:58:10,Block 142,5660 圈,934.8,3384.4,4.41,4.84,451,衰退 🟡
02:58:10,Block 143,5660 圈,934.8,3384.4,4.41,4.84,424,衰退 🟡
03:01:09,Block 142,5680 圈,934.7,3384.4,4.41,4.84,404,衰退 🟡
03:01:09,Block 143,5680 圈,934.7,3384.4,4.41,4.84,420,衰退 🟡
03:04:09,Block 142,5700 圈,934.8,3384.4,4.41,4.84,420,衰退 🟡
03:04:09,Block 143,5700 圈,934.8,3384.4,4.41,4.84,440,衰退 🟡
03:07:08,Block 142,5720 圈,934.5,3384.4,4.41,4.84,384,衰退 🟡
03:07:08,Block 143,5720 圈,934.5,3384.4,4.41,4.84,440,衰退 🟡
03:10:08,Block 142,5740 圈,934.8,3384.4,4.41,4.84,380,衰退 🟡
03:10:08,Block 143,5740 圈,934.8,3384.4,4.41,4.84,399,衰退 🟡
03:13:07,Block 142,5760 圈,934.5,3384.4,4.41,4.84,393,衰退 🟡
03:13:07,Block 143,5760 圈,934.5,3384.4,4.41,4.84,453,衰退 🟡
03:16:07,Block 142,5780 圈,934.0,3384.4,4.41,4.84,412,衰退 🟡
03:16:07,Block 143,5780 圈,934.0,3384.4,4.41,4.84,430,衰退 🟡
03:19:06,Block 142,5800 圈,934.7,3384.4,4.41,4.84,404,衰退 🟡
03:19:06,Block 143,5800 圈,934.7,3384.4,4.41,4.84,423,衰退 🟡
03:22:06,Block 142,5820 圈,934.2,3384.4,4.41,4.84,386,衰退 🟡
03:22:06,Block 143,5820 圈,934.2,3384.4,4.41,4.84,465,衰退 🟡
03:25:06,Block 142,5840 圈,934.5,3384.4,4.41,4.84,420,衰退 🟡
03:25:06,Block 143,5840 圈,934.5,3384.4,4.41,4.84,414,衰退 🟡
03:28:05,Block 142,5860 圈,933.8,3384.4,4.41,4.84,424,衰退 🟡
03:28:05,Block 143,5860 圈,933.8,3384.4,4.41,4.84,400,衰退 🟡
03:31:05,Block 142,5880 圈,934.1,3384.4,4.41,4.84,425,衰退 🟡
03:31:05,Block 143,5880 圈,934.1,3384.4,4.41,4.84,435,衰退 🟡
03:34:04,Block 142,5900 圈,933.8,3384.4,4.41,4.84,363,衰退 🟡
03:34:04,Block 143,5900 圈,933.8,3384.4,4.41,4.84,411,衰退 🟡
03:37:04,Block 142,5920 圈,933.8,3384.4,4.41,4.84,401,衰退 🟡
03:37:04,Block 143,5920 圈,933.8,3384.4,4.41,4.84,431,衰退 🟡
03:40:03,Block 142,5940 圈,933.5,3384.4,4.41,4.84,431,衰退 🟡
03:40:03,Block 143,5940 圈,933.5,3384.4,4.41,4.84,420,衰退 🟡
03:43:03,Block 142,5960 圈,933.8,3384.4,4.41,4.84,407,衰退 🟡
03:43:03,Block 143,5960 圈,933.8,3384.4,4.41,4.84,401,衰退 🟡
03:46:02,Block 142,5980 圈,933.5,3384.4,4.41,4.84,425,衰退 🟡
03:46:02,Block 143,5980 圈,933.5,3384.4,4.41,4.84,467,衰退 🟡
03:49:02,Block 142,6000 圈,933.7,3384.4,4.41,4.84,414,衰退 🟡
03:49:02,Block 143,6000 圈,933.7,3384.4,4.41,4.84,449,衰退 🟡
03:52:01,Block 142,6020 圈,933.6,3384.4,4.41,4.84,415,衰退 🟡
03:52:01,Block 143,6020 圈,933.6,3384.4,4.41,4.84,445,衰退 🟡
03:55:01,Block 142,6040 圈,933.5,3384.4,4.41,4.84,394,衰退 🟡
03:55:01,Block 143,6040 圈,933.5,3384.4,4.41,4.84,404,衰退 🟡
03:58:00,Block 142,6060 圈,932.9,3384.4,4.41,4.84,389,衰退 🟡
03:58:00,Block 143,6060 圈,932.9,3384.4,4.41,4.84,434,衰退 🟡
04:01:00,Block 142,6080 圈,933.9,3384.4,4.41,4.84,394,衰退 🟡
04:01:00,Block 143,6080 圈,933.9,3384.4,4.41,4.84,419,衰退 🟡
04:03:59,Block 142,6100 圈,933.1,3384.4,4.41,4.84,414,衰退 🟡
04:03:59,Block 143,6100 圈,933.1,3384.4,4.41,4.84,416,衰退 🟡
04:06:59,Block 142,6120 圈,932.9,3384.4,4.41,4.84,415,衰退 🟡
04:06:59,Block 143,6120 圈,932.9,3384.4,4.41,4.84,437,衰退 🟡
04:09:58,Block 142,6140 圈,932.9,3384.4,4.41,4.84,391,衰退 🟡
04:09:58,Block 143,6140 圈,932.9,3384.4,4.41,4.84,455,衰退 🟡
04:12:58,Block 142,6160 圈,933.1,3384.4,4.41,4.84,449,衰退 🟡
04:12:58,Block 143,6160 圈,933.1,3384.4,4.41,4.84,432,衰退 🟡
04:15:57,Block 142,6180 圈,933.1,3384.4,4.41,4.84,445,衰退 🟡
04:15:57,Block 143,6180 圈,933.1,3384.4,4.41,4.84,452,衰退 🟡
04:18:57,Block 142,6200 圈,932.8,3384.4,4.41,4.84,390,衰退 🟡
04:18:57,Block 143,6200 圈,932.8,3384.4,4.41,4.84,453,衰退 🟡
04:21:56,Block 142,6220 圈,932.4,3384.4,4.41,4.84,414,衰退 🟡
04:21:56,Block 143,6220 圈,932.4,3384.4,4.41,4.84,445,衰退 🟡
04:24:56,Block 142,6240 圈,932.3,3384.4,4.41,4.84,373,衰退 🟡
04:24:56,Block 143,6240 圈,932.3,3384.4,4.41,4.84,434,衰退 🟡
04:27:55,Block 142,6260 圈,932.6,3384.4,4.41,4.84,425,衰退 🟡
04:27:55,Block 143,6260 圈,932.6,3384.4,4.41,4.84,439,衰退 🟡
04:30:55,Block 142,6280 圈,932.4,3384.4,4.41,4.84,450,衰退 🟡
04:30:55,Block 143,6280 圈,932.4,3384.4,4.41,4.84,420,衰退 🟡
04:33:54,Block 142,6300 圈,932.2,3384.4,4.41,4.84,451,衰退 🟡
04:33:54,Block 143,6300 圈,932.2,3384.4,4.41,4.84,400,衰退 🟡
04:36:54,Block 142,6320 圈,932.0,3384.4,4.41,4.84,425,衰退 🟡
04:36:54,Block 143,6320 圈,932.0,3384.4,4.41,4.84,418,衰退 🟡
04:39:53,Block 142,6340 圈,932.1,3384.4,4.41,4.84,469,衰退 🟡
04:39:53,Block 143,6340 圈,932.1,3384.4,4.41,4.84,435,衰退 🟡
04:42:53,Block 142,6360 圈,931.8,3384.4,4.41,4.84,448,衰退 🟡
04:42:53,Block 143,6360 圈,931.8,3384.4,4.41,4.84,428,衰退 🟡
04:45:52,Block 142,6380 圈,931.9,3384.4,4.41,4.84,370,衰退 🟡
04:45:52,Block 143,6380 圈,931.9,3384.4,4.41,4.84,431,衰退 🟡
04:48:52,Block 142,6400 圈,931.9,3384.4,4.41,4.84,410,衰退 🟡
04:48:52,Block 143,6400 圈,931.9,3384.4,4.41,4.84,404,衰退 🟡
04:51:51,Block 142,6420 圈,932.1,3384.4,4.41,4.84,416,衰退 🟡
04:51:52,Block 143,6420 圈,932.1,3384.4,4.41,4.84,462,衰退 🟡
04:54:51,Block 142,6440 圈,932.2,3384.4,4.41,4.84,444,衰退 🟡
04:54:51,Block 143,6440 圈,932.2,3384.4,4.41,4.84,403,衰退 🟡
04:57:50,Block 142,6460 圈,932.3,3384.4,4.41,4.84,445,衰退 🟡
04:57:50,Block 143,6460 圈,932.3,3384.4,4.41,4.84,440,衰退 🟡
05:00:50,Block 142,6480 圈,931.6,3384.4,4.41,4.84,413,衰退 🟡
05:00:50,Block 143,6480 圈,931.6,3384.4,4.41,4.84,399,衰退 🟡
05:03:49,Block 142,6500 圈,931.4,3384.4,4.41,4.84,430,衰退 🟡
05:03:49,Block 143,6500 圈,931.4,3384.4,4.41,4.84,438,衰退 🟡
05:06:49,Block 142,6520 圈,931.5,3384.4,4.41,4.84,408,衰退 🟡
05:06:49,Block 143,6520 圈,931.5,3384.4,4.41,4.84,424,衰退 🟡
05:09:48,Block 142,6540 圈,931.2,3384.4,4.41,4.84,453,衰退 🟡
05:09:48,Block 143,6540 圈,931.2,3384.4,4.41,4.84,400,衰退 🟡
05:12:48,Block 142,6560 圈,931.0,3384.4,4.41,4.84,408,衰退 🟡
05:12:48,Block 143,6560 圈,931.0,3384.4,4.41,4.84,454,衰退 🟡
05:15:47,Block 142,6580 圈,931.1,3384.4,4.41,4.84,411,衰退 🟡
05:15:47,Block 143,6580 圈,931.1,3384.4,4.41,4.84,466,衰退 🟡
05:18:47,Block 142,6600 圈,931.5,3384.4,4.41,4.84,399,衰退 🟡
05:18:47,Block 143,6600 圈,931.5,3384.4,4.41,4.84,419,衰退 🟡
05:21:46,Block 142,6620 圈,931.4,3384.4,4.41,4.84,395,衰退 🟡
05:21:46,Block 143,6620 圈,931.4,3384.4,4.41,4.84,436,衰退 🟡
05:24:46,Block 142,6640 圈,931.5,3384.4,4.41,4.84,443,衰退 🟡
05:24:46,Block 143,6640 圈,931.5,3384.4,4.41,4.84,430,衰退 🟡
05:27:45,Block 142,6660 圈,931.0,3384.4,4.41,4.84,405,衰退 🟡
05:27:45,Block 143,6660 圈,931.0,3384.4,4.41,4.84,421,衰退 🟡
05:30:45,Block 142,6680 圈,930.8,3384.4,4.41,4.84,440,衰退 🟡
05:30:45,Block 143,6680 圈,930.8,3384.4,4.41,4.84,408,衰退 🟡
05:33:44,Block 142,6700 圈,930.9,3384.4,4.41,4.84,399,衰退 🟡
05:33:44,Block 143,6700 圈,930.9,3384.4,4.41,4.84,429,衰退 🟡
05:36:44,Block 142,6720 圈,930.7,3384.4,4.41,4.84,426,衰退 🟡
05:36:44,Block 143,6720 圈,930.7,3384.4,4.41,4.84,477,衰退 🟡
05:39:43,Block 142,6740 圈,930.4,3384.4,4.41,4.84,417,衰退 🟡
05:39:43,Block 143,6740 圈,930.4,3384.4,4.41,4.84,439,衰退 🟡
05:42:43,Block 142,6760 圈,931.1,3384.4,4.41,4.84,441,衰退 🟡
05:42:43,Block 143,6760 圈,931.1,3384.4,4.41,4.84,423,衰退 🟡
05:45:42,Block 142,6780 圈,930.8,3384.4,4.41,4.84,457,衰退 🟡
05:45:42,Block 143,6780 圈,930.8,3384.4,4.41,4.84,407,衰退 🟡
05:48:42,Block 142,6800 圈,931.0,3384.4,4.41,4.84,417,衰退 🟡
05:48:42,Block 143,6800 圈,931.0,3384.4,4.41,4.84,448,衰退 🟡
05:51:41,Block 142,6820 圈,931.0,3384.4,4.41,4.84,450,衰退 🟡
05:51:41,Block 143,6820 圈,931.0,3384.4,4.41,4.84,408,衰退 🟡
05:54:40,Block 142,6840 圈,930.5,3384.4,4.41,4.84,440,衰退 🟡
05:54:40,Block 143,6840 圈,930.5,3384.4,4.41,4.84,429,衰退 🟡
05:57:40,Block 142,6860 圈,930.8,3384.4,4.41,4.84,406,衰退 🟡
05:57:40,Block 143,6860 圈,930.8,3384.4,4.41,4.84,408,衰退 🟡
06:00:39,Block 142,6880 圈,930.4,3384.4,4.41,4.84,448,衰退 🟡
06:00:39,Block 143,6880 圈,930.4,3384.4,4.41,4.84,479,衰退 🟡
06:03:39,Block 142,6900 圈,930.5,3384.4,4.41,4.84,441,衰退 🟡
06:03:39,Block 143,6900 圈,930.5,3384.4,4.41,4.84,442,衰退 🟡
06:06:38,Block 142,6920 圈,930.5,3384.4,4.41,4.84,411,衰退 🟡
06:06:38,Block 143,6920 圈,930.5,3384.4,4.41,4.84,398,衰退 🟡
06:09:38,Block 142,6940 圈,930.0,3384.4,4.41,4.84,438,衰退 🟡
06:09:38,Block 143,6940 圈,930.0,3384.4,4.41,4.84,392,衰退 🟡
06:12:37,Block 142,6960 圈,929.9,3384.4,4.41,4.84,447,衰退 🟡
06:12:37,Block 143,6960 圈,929.9,3384.4,4.41,4.84,414,衰退 🟡
06:15:36,Block 142,6980 圈,930.0,3384.4,4.41,4.84,420,衰退 🟡
06:15:36,Block 143,6980 圈,930.0,3384.4,4.41,4.84,467,衰退 🟡
06:18:36,Block 142,7000 圈,930.0,3384.4,4.41,4.84,431,衰退 🟡
06:18:36,Block 143,7000 圈,930.0,3384.4,4.41,4.84,419,衰退 🟡
06:21:35,Block 142,7020 圈,929.7,3384.4,4.41,4.84,459,衰退 🟡
06:21:35,Block 143,7020 圈,929.7,3384.4,4.41,4.84,447,衰退 🟡
06:24:35,Block 142,7040 圈,930.0,3384.4,4.41,4.84,455,衰退 🟡
06:24:35,Block 143,7040 圈,930.0,3384.4,4.41,4.84,436,衰退 🟡
06:27:34,Block 142,7060 圈,929.8,3384.4,4.41,4.84,435,衰退 🟡
06:27:34,Block 143,7060 圈,929.8,3384.4,4.41,4.84,378,衰退 🟡
06:30:34,Block 142,7080 圈,929.2,3384.4,4.41,4.84,420,衰退 🟡
06:30:34,Block 143,7080 圈,929.2,3384.4,4.41,4.84,432,衰退 🟡
06:33:33,Block 142,7100 圈,929.6,3384.4,4.41,4.84,398,衰退 🟡
06:33:33,Block 143,7100 圈,929.6,3384.4,4.41,4.84,472,衰退 🟡
06:36:33,Block 142,7120 圈,930.0,3384.4,4.41,4.84,425,衰退 🟡
06:36:33,Block 143,7120 圈,930.0,3384.4,4.41,4.84,437,衰退 🟡
06:39:32,Block 142,7140 圈,929.8,3384.4,4.41,4.84,414,衰退 🟡
06:39:32,Block 143,7140 圈,929.8,3384.4,4.41,4.84,419,衰退 🟡
06:42:31,Block 142,7160 圈,929.4,3384.4,4.41,4.84,391,衰退 🟡
06:42:31,Block 143,7160 圈,929.4,3384.4,4.41,4.84,396,衰退 🟡
06:45:31,Block 142,7180 圈,929.7,3384.4,4.41,4.84,401,衰退 🟡
06:45:31,Block 143,7180 圈,929.7,3384.4,4.41,4.84,442,衰退 🟡
06:48:30,Block 142,7200 圈,929.5,3384.4,4.41,4.84,433,衰退 🟡
06:48:30,Block 143,7200 圈,929.5,3384.4,4.41,4.84,388,衰退 🟡
06:51:30,Block 142,7220 圈,929.4,3384.4,4.41,4.84,474,衰退 🟡
06:51:30,Block 143,7220 圈,929.4,3384.4,4.41,4.84,430,衰退 🟡
06:54:29,Block 142,7240 圈,929.2,3384.4,4.41,4.84,418,衰退 🟡
06:54:29,Block 143,7240 圈,929.2,3384.4,4.41,4.84,425,衰退 🟡
06:57:28,Block 142,7260 圈,929.1,3384.4,4.41,4.84,406,衰退 🟡
06:57:28,Block 143,7260 圈,929.1,3384.4,4.41,4.84,415,衰退 🟡
07:00:28,Block 142,7280 圈,928.9,3384.4,4.41,4.84,423,衰退 🟡
07:00:28,Block 143,7280 圈,928.9,3384.4,4.41,4.84,368,衰退 🟡
07:03:27,Block 142,7300 圈,928.9,3384.4,4.41,4.84,419,衰退 🟡
07:03:27,Block 143,7300 圈,928.9,3384.4,4.41,4.84,463,衰退 🟡
07:06:27,Block 142,7320 圈,928.8,3384.4,4.41,4.84,424,衰退 🟡
07:06:27,Block 143,7320 圈,928.8,3384.4,4.41,4.84,504,衰退 🟡
07:09:26,Block 142,7340 圈,928.8,3384.4,4.41,4.84,408,衰退 🟡
07:09:26,Block 143,7340 圈,928.8,3384.4,4.41,4.84,435,衰退 🟡
07:12:25,Block 142,7360 圈,929.2,3384.4,4.41,4.84,429,衰退 🟡
07:12:25,Block 143,7360 圈,929.2,3384.4,4.41,4.84,451,衰退 🟡
07:15:25,Block 142,7380 圈,928.8,3384.4,4.41,4.84,462,衰退 🟡
07:15:25,Block 143,7380 圈,928.8,3384.4,4.41,4.84,457,衰退 🟡
07:18:24,Block 142,7400 圈,928.4,3384.4,4.41,4.84,414,衰退 🟡
07:18:24,Block 143,7400 圈,928.4,3384.4,4.41,4.84,393,衰退 🟡
07:21:24,Block 142,7420 圈,929.3,3384.4,4.41,4.84,448,衰退 🟡
07:21:24,Block 143,7420 圈,929.3,3384.4,4.41,4.84,466,衰退 🟡
07:24:23,Block 142,7440 圈,928.5,3384.4,4.41,4.84,418,衰退 🟡
07:24:23,Block 143,7440 圈,928.5,3384.4,4.41,4.84,398,衰退 🟡
07:27:23,Block 142,7460 圈,928.4,3384.4,4.41,4.84,401,衰退 🟡
07:27:23,Block 143,7460 圈,928.4,3384.4,4.41,4.84,411,衰退 🟡
07:30:22,Block 142,7480 圈,928.7,3384.4,4.41,4.84,374,衰退 🟡
07:30:22,Block 143,7480 圈,928.7,3384.4,4.41,4.84,465,衰退 🟡
07:33:21,Block 142,7500 圈,928.0,3384.4,4.41,4.84,442,衰退 🟡
07:33:21,Block 143,7500 圈,928.0,3384.4,4.41,4.84,473,衰退 🟡
07:36:21,Block 142,7520 圈,928.3,3384.4,4.41,4.84,401,衰退 🟡
07:36:21,Block 143,7520 圈,928.3,3384.4,4.41,4.84,394,衰退 🟡
07:39:20,Block 142,7540 圈,928.2,3384.4,4.41,4.84,432,衰退 🟡
07:39:20,Block 143,7540 圈,928.2,3384.4,4.41,4.84,453,衰退 🟡
07:42:20,Block 142,7560 圈,927.6,3384.4,4.41,4.84,478,衰退 🟡
07:42:20,Block 143,7560 圈,927.6,3384.4,4.41,4.84,477,衰退 🟡
07:45:19,Block 142,7580 圈,928.5,3384.4,4.41,4.84,464,衰退 🟡
07:45:19,Block 143,7580 圈,928.5,3384.4,4.41,4.84,439,衰退 🟡
07:48:18,Block 142,7600 圈,928.7,3384.4,4.41,4.84,451,衰退 🟡
07:48:18,Block 143,7600 圈,928.7,3384.4,4.41,4.84,379,衰退 🟡
07:51:18,Block 142,7620 圈,928.1,3384.4,4.41,4.84,398,衰退 🟡
07:51:18,Block 143,7620 圈,928.1,3384.4,4.41,4.84,461,衰退 🟡
07:54:17,Block 142,7640 圈,928.0,3384.4,4.41,4.84,437,衰退 🟡
07:54:17,Block 143,7640 圈,928.0,3384.4,4.41,4.84,413,衰退 🟡
07:57:17,Block 142,7660 圈,928.0,3384.4,4.41,4.84,415,衰退 🟡
07:57:17,Block 143,7660 圈,928.0,3384.4,4.41,4.84,434,衰退 🟡
08:00:16,Block 142,7680 圈,927.8,3384.4,4.41,4.84,384,衰退 🟡
08:00:16,Block 143,7680 圈,927.8,3384.4,4.41,4.84,404,衰退 🟡
08:03:15,Block 142,7700 圈,927.4,3384.4,4.41,4.84,479,衰退 🟡
08:03:15,Block 143,7700 圈,927.4,3384.4,4.41,4.84,475,衰退 🟡
08:06:15,Block 142,7720 圈,928.0,3384.4,4.41,4.84,447,衰退 🟡
08:06:15,Block 143,7720 圈,928.0,3384.4,4.41,4.84,423,衰退 🟡
08:09:14,Block 142,7740 圈,927.0,3384.4,4.41,4.84,468,衰退 🟡
08:09:14,Block 143,7740 圈,927.0,3384.4,4.41,4.84,416,衰退 🟡
08:12:13,Block 142,7760 圈,927.4,3384.4,4.41,4.84,433,衰退 🟡
08:12:13,Block 143,7760 圈,927.4,3384.4,4.41,4.84,433,衰退 🟡
08:15:13,Block 142,7780 圈,927.4,3384.4,4.41,4.84,457,衰退 🟡
08:15:13,Block 143,7780 圈,927.4,3384.4,4.41,4.84,439,衰退 🟡
08:18:12,Block 142,7800 圈,927.3,3384.4,4.41,4.84,415,衰退 🟡
08:18:12,Block 143,7800 圈,927.3,3384.4,4.41,4.84,459,衰退 🟡
08:21:12,Block 142,7820 圈,927.3,3384.4,4.41,4.84,428,衰退 🟡
08:21:12,Block 143,7820 圈,927.3,3384.4,4.41,4.84,448,衰退 🟡
08:24:11,Block 142,7840 圈,926.8,3384.4,4.41,4.84,433,衰退 🟡
08:24:11,Block 143,7840 圈,926.8,3384.4,4.41,4.84,474,衰退 🟡
08:27:10,Block 142,7860 圈,926.9,3384.4,4.41,4.84,415,衰退 🟡
08:27:10,Block 143,7860 圈,926.9,3384.4,4.41,4.84,439,衰退 🟡
08:30:10,Block 142,7880 圈,927.4,3384.4,4.41,4.84,453,衰退 🟡
08:30:10,Block 143,7880 圈,927.4,3384.4,4.41,4.84,444,衰退 🟡
08:33:09,Block 142,7900 圈,927.4,3384.4,4.41,4.84,395,衰退 🟡
08:33:09,Block 143,7900 圈,927.4,3384.4,4.41,4.84,426,衰退 🟡
08:36:08,Block 142,7920 圈,927.2,3384.4,4.41,4.84,429,衰退 🟡
08:36:08,Block 143,7920 圈,927.2,3384.4,4.41,4.84,433,衰退 🟡
08:39:08,Block 142,7940 圈,927.0,3384.4,4.41,4.84,419,衰退 🟡
08:39:08,Block 143,7940 圈,927.0,3384.4,4.41,4.84,402,衰退 🟡
08:42:07,Block 142,7960 圈,926.7,3384.4,4.41,4.84,463,衰退 🟡
08:42:07,Block 143,7960 圈,926.7,3384.4,4.41,4.84,400,衰退 🟡
08:45:07,Block 142,7980 圈,926.6,3384.4,4.41,4.84,388,衰退 🟡
08:45:07,Block 143,7980 圈,926.6,3384.4,4.41,4.84,421,衰退 🟡
08:48:06,Block 142,8000 圈,926.3,3384.4,4.41,4.84,402,衰退 🟡
08:48:06,Block 143,8000 圈,926.3,3384.4,4.41,4.84,403,衰退 🟡
08:51:05,Block 142,8020 圈,926.1,3384.4,4.41,4.84,487,衰退 🟡
08:51:05,Block 143,8020 圈,926.1,3384.4,4.41,4.84,481,衰退 🟡
08:54:05,Block 142,8040 圈,926.6,3384.4,4.41,4.84,428,衰退 🟡
08:54:05,Block 143,8040 圈,926.6,3384.4,4.41,4.84,445,衰退 🟡
08:57:04,Block 142,8060 圈,925.8,3384.4,4.41,4.84,439,衰退 🟡
08:57:04,Block 143,8060 圈,925.8,3384.4,4.41,4.84,463,衰退 🟡
09:00:03,Block 142,8080 圈,926.6,3384.4,4.41,4.84,428,衰退 🟡
09:00:03,Block 143,8080 圈,926.6,3384.4,4.41,4.84,466,衰退 🟡
09:03:03,Block 142,8100 圈,926.2,3384.4,4.41,4.84,449,衰退 🟡
09:03:03,Block 143,8100 圈,926.2,3384.4,4.41,4.84,430,衰退 🟡
09:06:02,Block 142,8120 圈,926.7,3384.4,4.41,4.84,413,衰退 🟡
09:06:02,Block 143,8120 圈,926.7,3384.4,4.41,4.84,411,衰退 🟡
09:09:01,Block 142,8140 圈,926.8,3384.4,4.41,4.84,460,衰退 🟡
09:09:01,Block 143,8140 圈,926.8,3384.4,4.41,4.84,437,衰退 🟡
09:12:01,Block 142,8160 圈,925.8,3384.4,4.41,4.84,426,衰退 🟡
09:12:01,Block 143,8160 圈,925.8,3384.4,4.41,4.84,454,衰退 🟡
09:15:00,Block 142,8180 圈,926.4,3384.4,4.41,4.84,434,衰退 🟡
09:15:00,Block 143,8180 圈,926.4,3384.4,4.41,4.84,420,衰退 🟡
09:17:59,Block 142,8200 圈,926.0,3384.4,4.41,4.84,469,衰退 🟡
09:17:59,Block 143,8200 圈,926.0,3384.4,4.41,4.84,417,衰退 🟡
09:20:59,Block 142,8220 圈,925.8,3384.4,4.41,4.84,420,衰退 🟡
09:20:59,Block 143,8220 圈,925.8,3384.4,4.41,4.84,436,衰退 🟡
09:23:58,Block 142,8240 圈,925.9,3384.4,4.41,4.84,421,衰退 🟡
09:23:58,Block 143,8240 圈,925.9,3384.4,4.41,4.84,469,衰退 🟡
09:26:57,Block 142,8260 圈,925.8,3384.4,4.41,4.84,410,衰退 🟡
09:26:57,Block 143,8260 圈,925.8,3384.4,4.41,4.84,428,衰退 🟡
09:29:57,Block 142,8280 圈,924.9,3384.4,4.41,4.84,418,衰退 🟡
09:29:57,Block 143,8280 圈,924.9,3384.4,4.41,4.84,427,衰退 🟡
09:32:56,Block 142,8300 圈,925.9,3384.4,4.41,4.84,433,衰退 🟡
09:32:56,Block 143,8300 圈,925.9,3384.4,4.41,4.84,442,衰退 🟡
09:35:55,Block 142,8320 圈,924.9,3384.4,4.41,4.84,426,衰退 🟡
09:35:55,Block 143,8320 圈,924.9,3384.4,4.41,4.84,478,衰退 🟡
09:38:55,Block 142,8340 圈,925.2,3384.4,4.41,4.84,457,衰退 🟡
09:38:55,Block 143,8340 圈,925.2,3384.4,4.41,4.84,439,衰退 🟡
09:41:54,Block 142,8360 圈,925.0,3384.4,4.41,4.84,439,衰退 🟡
09:41:54,Block 143,8360 圈,925.0,3384.4,4.41,4.84,432,衰退 🟡
09:44:53,Block 142,8380 圈,924.9,3384.4,4.41,4.84,401,衰退 🟡
09:44:54,Block 143,8380 圈,924.9,3384.4,4.41,4.84,422,衰退 🟡
09:47:53,Block 142,8400 圈,925.4,3384.4,4.41,4.84,437,衰退 🟡
09:47:53,Block 143,8400 圈,925.4,3384.4,4.41,4.84,409,衰退 🟡
09:50:52,Block 142,8420 圈,925.3,3384.4,4.41,4.84,456,衰退 🟡
09:50:52,Block 143,8420 圈,925.3,3384.4,4.41,4.84,412,衰退 🟡
