Timestamp,Block,Cycles/Reads,Avg_Prog(us),Avg_Read(us),Write(MB/s),Read(MB/s),Max_ECC,Status
13:43:28,Block 200,10,962.6,3384.3,4.39,4.84,260,极佳 🟢
13:43:28,Block 201,10,962.6,3384.4,4.39,4.84,274,极佳 🟢
13:45:02,Block 200,20,962.8,3384.3,4.39,4.84,405,衰退 🟡
13:45:02,Block 201,20,962.8,3384.4,4.39,4.84,341,衰退 🟡
13:46:36,Block 200,30,962.4,3384.3,4.39,4.84,380,衰退 🟡
13:46:36,Block 201,30,962.4,3384.4,4.39,4.84,416,衰退 🟡
13:48:10,Block 200,40,964.7,3384.3,4.39,4.84,328,Degraded 🟡
13:48:10,Block 201,40,964.7,3384.4,4.39,4.84,481,Degraded 🟡
13:49:44,Block 200,50,962.1,3384.3,4.39,4.84,369,Degraded 🟡
13:49:44,Block 201,50,962.1,3384.4,4.39,4.84,411,Degraded 🟡
13:51:18,Block 200,60,966.7,3384.3,4.39,4.84,492,Degraded 🟡
13:51:18,Block 201,60,966.7,3384.4,4.39,4.84,405,Degraded 🟡
13:52:52,Block 200,70,967.2,3384.3,4.39,4.84,486,Degraded 🟡
13:52:52,Block 201,70,967.2,3384.4,4.39,4.84,380,Degraded 🟡
13:54:26,Block 200,80,964.4,3384.3,4.39,4.84,409,Degraded 🟡
13:54:26,Block 201,80,964.4,3384.4,4.39,4.84,536,Degraded 🟡
13:56:00,Block 200,90,961.0,3384.3,4.39,4.84,414,Degraded 🟡
13:56:00,Block 201,90,961.0,3384.4,4.39,4.84,370,Degraded 🟡
13:57:34,Block 200,100,966.1,3384.3,4.39,4.84,482,Degraded 🟡
13:57:34,Block 201,100,966.1,3384.4,4.39,4.84,390,Degraded 🟡
13:59:08,Block 200,110,960.7,3384.3,4.39,4.84,360,Degraded 🟡
13:59:08,Block 201,110,960.7,3384.4,4.39,4.84,355,Degraded 🟡
14:00:42,Block 200,120,965.8,3384.3,4.39,4.84,494,Degraded 🟡
14:00:42,Block 201,120,965.8,3384.4,4.39,4.84,509,Degraded 🟡
14:02:16,Block 200,130,960.5,3384.3,4.39,4.84,398,Degraded 🟡
14:02:16,Block 201,130,960.5,3384.4,4.39,4.84,353,Degraded 🟡
14:03:50,Block 200,140,966.2,3384.3,4.39,4.84,459,Degraded 🟡
14:03:50,Block 201,140,966.2,3384.4,4.39,4.84,365,Degraded 🟡
14:05:24,Block 200,150,966.2,3384.3,4.39,4.84,508,Degraded 🟡
14:05:24,Block 201,150,966.2,3384.4,4.39,4.84,482,Degraded 🟡
14:06:58,Block 200,160,966.1,3384.3,4.39,4.84,527,Degraded 🟡
14:06:58,Block 201,160,966.1,3384.4,4.39,4.84,540,Degraded 🟡
14:08:32,Block 200,170,965.8,3384.3,4.39,4.84,501,Degraded 🟡
14:08:32,Block 201,170,965.8,3384.4,4.39,4.84,520,Degraded 🟡
14:10:06,Block 200,180,965.7,3384.3,4.39,4.84,471,Degraded 🟡
14:10:06,Block 201,180,965.7,3384.4,4.39,4.84,539,Degraded 🟡
14:11:40,Block 200,190,965.6,3384.3,4.39,4.84,525,Degraded 🟡
14:11:40,Block 201,190,965.6,3384.4,4.39,4.84,466,Degraded 🟡
14:13:14,Block 200,200,966.0,3384.3,4.39,4.84,501,Degraded 🟡
14:13:14,Block 201,200,966.0,3384.4,4.39,4.84,465,Degraded 🟡
14:14:48,Block 200,210,964.7,3384.3,4.39,4.84,531,Degraded 🟡
14:14:48,Block 201,210,964.7,3384.4,4.39,4.84,531,Degraded 🟡
14:16:22,Block 200,220,964.5,3384.3,4.39,4.84,481,Degraded 🟡
14:16:22,Block 201,220,964.5,3384.4,4.39,4.84,502,Degraded 🟡
14:17:56,Block 200,230,964.4,3384.3,4.39,4.84,507,Degraded 🟡
14:17:56,Block 201,230,964.4,3384.4,4.39,4.84,486,Degraded 🟡
14:19:30,Block 200,240,965.0,3384.3,4.39,4.84,488,Degraded 🟡
14:19:30,Block 201,240,965.0,3384.4,4.39,4.84,502,Degraded 🟡
14:21:04,Block 200,250,965.1,3384.3,4.39,4.84,487,Degraded 🟡
14:21:04,Block 201,250,965.1,3384.4,4.39,4.84,530,Degraded 🟡
14:22:38,Block 200,260,964.7,3384.3,4.39,4.84,463,Degraded 🟡
14:22:38,Block 201,260,964.7,3384.4,4.39,4.84,507,Degraded 🟡
14:24:12,Block 200,270,964.5,3384.3,4.39,4.84,469,Degraded 🟡
14:24:12,Block 201,270,964.5,3384.4,4.39,4.84,497,Degraded 🟡
14:25:46,Block 200,280,964.9,3384.3,4.39,4.84,492,Degraded 🟡
14:25:46,Block 201,280,964.9,3384.4,4.39,4.84,539,Degraded 🟡
14:27:20,Block 200,290,964.0,3384.3,4.39,4.84,546,Degraded 🟡
14:27:20,Block 201,290,964.0,3384.4,4.39,4.84,536,Degraded 🟡
14:28:54,Block 200,300,964.7,3384.3,4.39,4.84,451,Degraded 🟡
14:28:54,Block 201,300,964.7,3384.4,4.39,4.84,486,Degraded 🟡
14:30:28,Block 200,310,963.7,3384.3,4.39,4.84,534,Degraded 🟡
14:30:28,Block 201,310,963.7,3384.4,4.39,4.84,471,Degraded 🟡
14:32:02,Block 200,320,963.8,3384.3,4.39,4.84,475,Degraded 🟡
14:32:02,Block 201,320,963.8,3384.4,4.39,4.84,506,Degraded 🟡
14:33:36,Block 200,330,963.6,3384.3,4.39,4.84,549,Degraded 🟡
14:33:36,Block 201,330,963.6,3384.4,4.39,4.84,508,Degraded 🟡
14:35:09,Block 200,340,963.5,3384.3,4.39,4.84,474,Degraded 🟡
14:35:09,Block 201,340,963.5,3384.4,4.39,4.84,516,Degraded 🟡
14:36:43,Block 200,350,963.4,3384.3,4.39,4.84,489,Degraded 🟡
14:36:43,Block 201,350,963.4,3384.4,4.39,4.84,550,Degraded 🟡
14:38:17,Block 200,360,963.3,3384.3,4.39,4.84,542,Degraded 🟡
14:38:17,Block 201,360,963.3,3384.4,4.39,4.84,473,Degraded 🟡
14:39:51,Block 200,370,963.2,3384.3,4.39,4.84,497,Degraded 🟡
14:39:51,Block 201,370,963.2,3384.4,4.39,4.84,542,Degraded 🟡
14:41:25,Block 200,380,963.6,3384.3,4.39,4.84,482,Degraded 🟡
14:41:25,Block 201,380,963.6,3384.3,4.39,4.84,507,Degraded 🟡
14:42:59,Block 200,390,962.8,3384.3,4.39,4.84,467,Degraded 🟡
14:42:59,Block 201,390,962.8,3384.4,4.39,4.84,545,Degraded 🟡
14:44:33,Block 200,400,963.1,3384.3,4.39,4.84,544,Degraded 🟡
14:44:33,Block 201,400,963.1,3384.4,4.39,4.84,526,Degraded 🟡
14:46:07,Block 200,410,963.0,3384.3,4.39,4.84,464,Degraded 🟡
14:46:07,Block 201,410,963.0,3384.4,4.39,4.84,518,Degraded 🟡
14:47:41,Block 200,420,963.0,3384.3,4.39,4.84,467,Degraded 🟡
14:47:41,Block 201,420,963.0,3384.4,4.39,4.84,517,Degraded 🟡
14:49:15,Block 200,430,962.5,3384.3,4.39,4.84,464,Degraded 🟡
14:49:15,Block 201,430,962.5,3384.4,4.39,4.84,526,Degraded 🟡
14:50:49,Block 200,440,962.2,3384.3,4.39,4.84,506,Degraded 🟡
14:50:49,Block 201,440,962.2,3384.4,4.39,4.84,479,Degraded 🟡
14:52:23,Block 200,450,962.3,3384.3,4.39,4.84,482,Degraded 🟡
14:52:23,Block 201,450,962.3,3384.4,4.39,4.84,566,Degraded 🟡
14:53:57,Block 200,460,962.3,3384.3,4.39,4.84,493,Degraded 🟡
14:53:57,Block 201,460,962.3,3384.4,4.39,4.84,492,Degraded 🟡
14:55:31,Block 200,470,961.9,3384.3,4.39,4.84,512,Degraded 🟡
14:55:31,Block 201,470,961.9,3384.4,4.39,4.84,523,Degraded 🟡
14:57:05,Block 200,480,962.3,3384.3,4.39,4.84,512,Degraded 🟡
14:57:05,Block 201,480,962.3,3384.4,4.39,4.84,481,Degraded 🟡
14:58:39,Block 200,490,962.2,3384.3,4.39,4.84,481,Degraded 🟡
14:58:39,Block 201,490,962.2,3384.4,4.39,4.84,519,Degraded 🟡
15:00:13,Block 200,500,962.1,3384.3,4.39,4.84,505,Degraded 🟡
15:00:13,Block 201,500,962.1,3384.4,4.39,4.84,552,Degraded 🟡
15:01:47,Block 200,510,961.8,3384.3,4.39,4.84,507,Degraded 🟡
15:01:47,Block 201,510,961.8,3384.3,4.39,4.84,520,Degraded 🟡
15:03:21,Block 200,520,961.4,3384.3,4.39,4.84,479,Degraded 🟡
15:03:21,Block 201,520,961.4,3384.4,4.39,4.84,523,Degraded 🟡
15:04:55,Block 200,530,961.6,3384.3,4.39,4.84,495,Degraded 🟡
15:04:55,Block 201,530,961.6,3384.4,4.39,4.84,494,Degraded 🟡
15:06:29,Block 200,540,961.1,3384.3,4.39,4.84,482,Degraded 🟡
15:06:29,Block 201,540,961.1,3384.3,4.39,4.84,537,Degraded 🟡
15:08:03,Block 200,550,961.3,3384.3,4.39,4.84,529,Degraded 🟡
15:08:03,Block 201,550,961.3,3384.4,4.39,4.84,530,Degraded 🟡
15:09:37,Block 200,560,961.3,3384.3,4.39,4.84,468,Degraded 🟡
15:09:37,Block 201,560,961.3,3384.4,4.39,4.84,536,Degraded 🟡
15:11:11,Block 200,570,961.5,3384.3,4.39,4.84,525,Degraded 🟡
15:11:11,Block 201,570,961.5,3384.4,4.39,4.84,495,Degraded 🟡
15:12:45,Block 200,580,961.3,3384.3,4.39,4.84,464,Degraded 🟡
15:12:45,Block 201,580,961.3,3384.3,4.39,4.84,494,Degraded 🟡
15:14:19,Block 200,590,960.5,3384.3,4.39,4.84,507,Degraded 🟡
15:14:19,Block 201,590,960.5,3384.4,4.39,4.84,499,Degraded 🟡
15:15:53,Block 200,600,960.4,3384.3,4.39,4.84,507,Degraded 🟡
15:15:53,Block 201,600,960.4,3384.4,4.39,4.84,546,Degraded 🟡
15:17:27,Block 200,610,960.8,3384.3,4.39,4.84,492,Degraded 🟡
15:17:27,Block 201,610,960.8,3384.4,4.39,4.84,523,Degraded 🟡
15:19:00,Block 200,620,960.3,3384.3,4.39,4.84,491,Degraded 🟡
15:19:00,Block 201,620,960.3,3384.4,4.39,4.84,492,Degraded 🟡
15:20:34,Block 200,630,960.9,3384.3,4.39,4.84,462,Degraded 🟡
15:20:34,Block 201,630,960.9,3384.4,4.39,4.84,561,Degraded 🟡
15:22:08,Block 200,640,960.8,3384.3,4.39,4.84,508,Degraded 🟡
15:22:08,Block 201,640,960.8,3384.4,4.39,4.84,515,Degraded 🟡
15:23:42,Block 200,650,960.4,3384.3,4.39,4.84,527,Degraded 🟡
15:23:42,Block 201,650,960.4,3384.3,4.39,4.84,503,Degraded 🟡
15:25:16,Block 200,660,960.5,3384.3,4.39,4.84,526,Degraded 🟡
15:25:16,Block 201,660,960.5,3384.3,4.39,4.84,352,Degraded 🟡
15:26:50,Block 200,670,959.6,3384.3,4.39,4.84,479,Degraded 🟡
15:26:50,Block 201,670,959.6,3384.3,4.39,4.84,351,Degraded 🟡
15:28:24,Block 200,680,960.2,3384.3,4.39,4.84,550,Degraded 🟡
15:28:24,Block 201,680,960.2,3384.3,4.39,4.84,483,Degraded 🟡
15:29:58,Block 200,690,959.8,3384.3,4.39,4.84,492,Degraded 🟡
15:29:58,Block 201,690,959.8,3384.4,4.39,4.84,514,Degraded 🟡
15:31:32,Block 200,700,959.8,3384.3,4.39,4.84,507,Degraded 🟡
15:31:32,Block 201,700,959.8,3384.3,4.39,4.84,509,Degraded 🟡
15:33:06,Block 200,710,960.0,3384.3,4.39,4.84,471,Degraded 🟡
15:33:06,Block 201,710,960.0,3384.4,4.39,4.84,519,Degraded 🟡
15:34:40,Block 200,720,960.0,3384.3,4.39,4.84,461,Degraded 🟡
15:34:40,Block 201,720,960.0,3384.4,4.39,4.84,545,Degraded 🟡
15:36:14,Block 200,730,959.6,3384.3,4.39,4.84,492,Degraded 🟡
15:36:14,Block 201,730,959.6,3384.3,4.39,4.84,524,Degraded 🟡
15:37:48,Block 200,740,960.0,3384.3,4.39,4.84,455,Degraded 🟡
15:37:48,Block 201,740,960.0,3384.4,4.39,4.84,515,Degraded 🟡
15:39:22,Block 200,750,959.5,3384.3,4.39,4.84,469,Degraded 🟡
15:39:22,Block 201,750,959.5,3384.3,4.39,4.84,508,Degraded 🟡
15:40:56,Block 200,760,959.4,3384.3,4.39,4.84,357,Degraded 🟡
15:40:56,Block 201,760,959.4,3384.4,4.39,4.84,482,Degraded 🟡
15:42:30,Block 200,770,960.2,3384.3,4.39,4.84,373,Degraded 🟡
15:42:30,Block 201,770,960.2,3384.4,4.39,4.84,525,Degraded 🟡
15:44:03,Block 200,780,959.7,3384.3,4.39,4.84,498,Degraded 🟡
15:44:03,Block 201,780,959.7,3384.3,4.39,4.84,522,Degraded 🟡
15:45:37,Block 200,790,959.4,3384.3,4.39,4.84,494,Degraded 🟡
15:45:37,Block 201,790,959.4,3384.3,4.39,4.84,522,Degraded 🟡
15:47:11,Block 200,800,959.6,3384.3,4.39,4.84,525,Degraded 🟡
15:47:11,Block 201,800,959.6,3384.3,4.39,4.84,536,Degraded 🟡
15:48:45,Block 200,810,959.1,3384.3,4.39,4.84,529,Degraded 🟡
15:48:45,Block 201,810,959.1,3384.3,4.39,4.84,513,Degraded 🟡
15:50:19,Block 200,820,959.3,3384.3,4.39,4.84,481,Degraded 🟡
15:50:19,Block 201,820,959.3,3384.3,4.39,4.84,505,Degraded 🟡
15:51:53,Block 200,830,959.1,3384.3,4.39,4.84,490,Degraded 🟡
15:51:53,Block 201,830,959.1,3384.4,4.39,4.84,369,Degraded 🟡
15:53:27,Block 200,840,959.2,3384.3,4.39,4.84,477,Degraded 🟡
15:53:27,Block 201,840,959.2,3384.3,4.39,4.84,542,Degraded 🟡
15:55:01,Block 200,850,959.3,3384.3,4.39,4.84,447,Degraded 🟡
15:55:01,Block 201,850,959.3,3384.3,4.39,4.84,561,Degraded 🟡
15:56:35,Block 200,860,958.8,3384.3,4.39,4.84,474,Degraded 🟡
15:56:35,Block 201,860,958.8,3384.4,4.39,4.84,413,Degraded 🟡
15:58:09,Block 200,870,959.2,3384.3,4.39,4.84,540,Degraded 🟡
15:58:09,Block 201,870,959.2,3384.3,4.39,4.84,384,Degraded 🟡
15:59:43,Block 200,880,958.6,3384.3,4.39,4.84,475,Degraded 🟡
15:59:43,Block 201,880,958.6,3384.3,4.39,4.84,513,Degraded 🟡
16:01:17,Block 200,890,958.4,3384.3,4.39,4.84,519,Degraded 🟡
16:01:17,Block 201,890,958.4,3384.3,4.39,4.84,532,Degraded 🟡
16:02:51,Block 200,900,958.6,3384.3,4.39,4.84,479,Degraded 🟡
16:02:51,Block 201,900,958.6,3384.3,4.39,4.84,569,Degraded 🟡
16:04:25,Block 200,910,958.6,3384.3,4.39,4.84,465,Degraded 🟡
16:04:25,Block 201,910,958.6,3384.3,4.39,4.84,515,Degraded 🟡
16:05:58,Block 200,920,958.1,3384.3,4.39,4.84,514,Degraded 🟡
16:05:58,Block 201,920,958.1,3384.3,4.39,4.84,382,Degraded 🟡
16:07:32,Block 200,930,958.6,3384.3,4.39,4.84,359,Degraded 🟡
16:07:32,Block 201,930,958.6,3384.3,4.39,4.84,521,Degraded 🟡
16:09:06,Block 200,940,958.4,3384.3,4.39,4.84,516,Degraded 🟡
16:09:06,Block 201,940,958.4,3384.3,4.39,4.84,525,Degraded 🟡
16:10:40,Block 200,950,958.2,3384.3,4.39,4.84,359,Degraded 🟡
16:10:40,Block 201,950,958.2,3384.3,4.39,4.84,368,Degraded 🟡
16:12:14,Block 200,960,958.2,3384.3,4.39,4.84,553,Degraded 🟡
16:12:14,Block 201,960,958.2,3384.3,4.39,4.84,528,Degraded 🟡
16:13:48,Block 200,970,958.4,3384.3,4.39,4.84,480,Degraded 🟡
16:13:48,Block 201,970,958.4,3384.3,4.39,4.84,488,Degraded 🟡
16:15:22,Block 200,980,957.8,3384.3,4.39,4.84,508,Degraded 🟡
16:15:22,Block 201,980,957.8,3384.3,4.39,4.84,413,Degraded 🟡
16:16:56,Block 200,990,957.9,3384.3,4.39,4.84,478,Degraded 🟡
16:16:56,Block 201,990,957.9,3384.4,4.39,4.84,536,Degraded 🟡
16:18:30,Block 200,1000,957.6,3384.3,4.39,4.84,481,Degraded 🟡
16:18:30,Block 201,1000,957.6,3384.3,4.39,4.84,518,Degraded 🟡
16:20:04,Block 200,1010,958.1,3384.3,4.39,4.84,541,Degraded 🟡
16:20:04,Block 201,1010,958.1,3384.3,4.39,4.84,394,Degraded 🟡
16:21:38,Block 200,1020,957.9,3384.3,4.39,4.84,414,Degraded 🟡
16:21:38,Block 201,1020,957.9,3384.3,4.39,4.84,567,Degraded 🟡
16:23:12,Block 200,1030,957.8,3384.3,4.39,4.84,528,Degraded 🟡
16:23:12,Block 201,1030,957.8,3384.3,4.39,4.84,529,Degraded 🟡
16:24:45,Block 200,1040,957.1,3384.3,4.39,4.84,391,Degraded 🟡
16:24:45,Block 201,1040,957.1,3384.3,4.39,4.84,354,Degraded 🟡
16:26:19,Block 200,1050,957.5,3384.3,4.39,4.84,379,Degraded 🟡
16:26:19,Block 201,1050,957.5,3384.3,4.39,4.84,552,Degraded 🟡
16:27:53,Block 200,1060,957.2,3384.3,4.39,4.84,530,Degraded 🟡
16:27:53,Block 201,1060,957.2,3384.3,4.39,4.84,526,Degraded 🟡
16:29:27,Block 200,1070,957.2,3384.3,4.39,4.84,482,Degraded 🟡
16:29:27,Block 201,1070,957.2,3384.3,4.39,4.84,514,Degraded 🟡
16:31:01,Block 200,1080,956.7,3384.3,4.39,4.84,490,Degraded 🟡
16:31:01,Block 201,1080,956.7,3384.3,4.39,4.84,505,Degraded 🟡
16:32:35,Block 200,1090,956.5,3384.3,4.39,4.84,367,Degraded 🟡
16:32:35,Block 201,1090,956.5,3384.3,4.39,4.84,469,Degraded 🟡
16:34:09,Block 200,1100,957.0,3384.3,4.39,4.84,497,Degraded 🟡
16:34:09,Block 201,1100,957.0,3384.3,4.39,4.84,355,Degraded 🟡
16:35:43,Block 200,1110,957.0,3384.3,4.39,4.84,496,Degraded 🟡
16:35:43,Block 201,1110,957.0,3384.4,4.39,4.84,550,Degraded 🟡
16:37:17,Block 200,1120,956.3,3384.3,4.39,4.84,525,Degraded 🟡
16:37:17,Block 201,1120,956.3,3384.3,4.39,4.84,530,Degraded 🟡
16:38:51,Block 200,1130,956.5,3384.3,4.39,4.84,478,Degraded 🟡
16:38:51,Block 201,1130,956.5,3384.3,4.39,4.84,553,Degraded 🟡
16:40:24,Block 200,1140,956.9,3384.3,4.39,4.84,470,Degraded 🟡
16:40:24,Block 201,1140,956.9,3384.3,4.39,4.84,474,Degraded 🟡
16:41:58,Block 200,1150,956.1,3384.3,4.39,4.84,355,Degraded 🟡
16:41:58,Block 201,1150,956.1,3384.3,4.39,4.84,509,Degraded 🟡
16:43:32,Block 200,1160,955.7,3384.3,4.40,4.84,515,Degraded 🟡
16:43:32,Block 201,1160,955.7,3384.4,4.40,4.84,563,Degraded 🟡
16:45:06,Block 200,1170,955.7,3384.3,4.40,4.84,509,Degraded 🟡
16:45:06,Block 201,1170,955.7,3384.3,4.40,4.84,383,Degraded 🟡
16:46:40,Block 200,1180,956.5,3384.3,4.39,4.84,490,Degraded 🟡
16:46:40,Block 201,1180,956.5,3384.3,4.39,4.84,501,Degraded 🟡
16:48:14,Block 200,1190,956.2,3384.3,4.39,4.84,362,Degraded 🟡
16:48:14,Block 201,1190,956.2,3384.4,4.39,4.84,372,Degraded 🟡
16:49:48,Block 200,1200,955.7,3384.3,4.40,4.84,528,Degraded 🟡
16:49:48,Block 201,1200,955.7,3384.3,4.40,4.84,534,Degraded 🟡
16:51:22,Block 200,1210,955.7,3384.3,4.40,4.84,493,Degraded 🟡
16:51:22,Block 201,1210,955.7,3384.3,4.40,4.84,543,Degraded 🟡
16:52:56,Block 200,1220,954.5,3384.3,4.40,4.84,494,Degraded 🟡
16:52:56,Block 201,1220,954.5,3384.3,4.40,4.84,553,Degraded 🟡
16:54:30,Block 200,1230,955.8,3384.3,4.39,4.84,506,Degraded 🟡
16:54:30,Block 201,1230,955.8,3384.3,4.39,4.84,492,Degraded 🟡
16:56:03,Block 200,1240,956.2,3384.3,4.39,4.84,501,Degraded 🟡
16:56:03,Block 201,1240,956.2,3384.3,4.39,4.84,415,Degraded 🟡
16:57:37,Block 200,1250,955.8,3384.3,4.39,4.84,465,Degraded 🟡
16:57:37,Block 201,1250,955.8,3384.4,4.39,4.84,336,Degraded 🟡
16:59:11,Block 200,1260,956.1,3384.3,4.39,4.84,513,Degraded 🟡
16:59:11,Block 201,1260,956.1,3384.3,4.39,4.84,569,Degraded 🟡
17:00:45,Block 200,1270,955.1,3384.3,4.40,4.84,358,Degraded 🟡
17:00:45,Block 201,1270,955.1,3384.3,4.40,4.84,542,Degraded 🟡
17:02:19,Block 200,1280,955.3,3384.3,4.40,4.84,548,Degraded 🟡
17:02:19,Block 201,1280,955.3,3384.3,4.40,4.84,498,Degraded 🟡
17:03:53,Block 200,1290,954.4,3384.3,4.40,4.84,488,Degraded 🟡
17:03:53,Block 201,1290,954.4,3384.3,4.40,4.84,528,Degraded 🟡
17:05:27,Block 200,1300,955.2,3384.3,4.40,4.84,530,Degraded 🟡
17:05:27,Block 201,1300,955.2,3384.3,4.40,4.84,509,Degraded 🟡
17:07:01,Block 200,1310,954.9,3384.3,4.40,4.84,490,Degraded 🟡
17:07:01,Block 201,1310,954.9,3384.3,4.40,4.84,520,Degraded 🟡
17:08:34,Block 200,1320,954.0,3384.3,4.40,4.84,473,Degraded 🟡
17:08:34,Block 201,1320,954.0,3384.3,4.40,4.84,480,Degraded 🟡
17:10:08,Block 200,1330,955.5,3384.3,4.40,4.84,537,Degraded 🟡
17:10:08,Block 201,1330,955.5,3384.3,4.40,4.84,536,Degraded 🟡
17:11:42,Block 200,1340,954.7,3384.3,4.40,4.84,507,Degraded 🟡
17:11:42,Block 201,1340,954.7,3384.3,4.40,4.84,517,Degraded 🟡
17:13:16,Block 200,1350,954.5,3384.3,4.40,4.84,504,Degraded 🟡
17:13:16,Block 201,1350,954.5,3384.3,4.40,4.84,521,Degraded 🟡
17:14:50,Block 200,1360,954.9,3384.3,4.40,4.84,487,Degraded 🟡
17:14:50,Block 201,1360,954.9,3384.3,4.40,4.84,499,Degraded 🟡
17:16:24,Block 200,1370,954.3,3384.3,4.40,4.84,551,Degraded 🟡
17:16:24,Block 201,1370,954.3,3384.3,4.40,4.84,504,Degraded 🟡
17:17:58,Block 200,1380,954.6,3384.3,4.40,4.84,352,Degraded 🟡
17:17:58,Block 201,1380,954.6,3384.3,4.40,4.84,411,Degraded 🟡
17:19:32,Block 200,1390,954.8,3384.3,4.40,4.84,520,Degraded 🟡
17:19:32,Block 201,1390,954.8,3384.3,4.40,4.84,440,Degraded 🟡
17:21:05,Block 200,1400,954.5,3384.3,4.40,4.84,405,Degraded 🟡
17:21:05,Block 201,1400,954.5,3384.3,4.40,4.84,549,Degraded 🟡
17:22:39,Block 200,1410,954.7,3384.3,4.40,4.84,517,Degraded 🟡
17:22:39,Block 201,1410,954.7,3384.3,4.40,4.84,564,Degraded 🟡
17:24:13,Block 200,1420,953.0,3384.3,4.40,4.84,485,Degraded 🟡
17:24:13,Block 201,1420,953.0,3384.3,4.40,4.84,522,Degraded 🟡
17:25:47,Block 200,1430,953.8,3384.3,4.40,4.84,367,Degraded 🟡
17:25:47,Block 201,1430,953.8,3384.3,4.40,4.84,369,Degraded 🟡
17:27:21,Block 200,1440,954.0,3384.3,4.40,4.84,399,Degraded 🟡
17:27:21,Block 201,1440,954.0,3384.3,4.40,4.84,533,Degraded 🟡
17:28:55,Block 200,1450,953.4,3384.3,4.40,4.84,504,Degraded 🟡
17:28:55,Block 201,1450,953.4,3384.3,4.40,4.84,377,Degraded 🟡
17:30:29,Block 200,1460,953.5,3384.3,4.40,4.84,517,Degraded 🟡
17:30:29,Block 201,1460,953.5,3384.3,4.40,4.84,516,Degraded 🟡
17:32:03,Block 200,1470,953.3,3384.3,4.40,4.84,523,Degraded 🟡
17:32:03,Block 201,1470,953.3,3384.3,4.40,4.84,406,Degraded 🟡
17:33:36,Block 200,1480,953.5,3384.3,4.40,4.84,499,Degraded 🟡
17:33:36,Block 201,1480,953.5,3384.3,4.40,4.84,540,Degraded 🟡
17:35:10,Block 200,1490,953.5,3384.3,4.40,4.84,534,Degraded 🟡
17:35:10,Block 201,1490,953.5,3384.3,4.40,4.84,538,Degraded 🟡
17:36:44,Block 200,1500,953.6,3384.3,4.40,4.84,451,Degraded 🟡
17:36:44,Block 201,1500,953.6,3384.3,4.40,4.84,513,Degraded 🟡
17:38:18,Block 200,1510,953.4,3384.3,4.40,4.84,506,Degraded 🟡
17:38:18,Block 201,1510,953.4,3384.3,4.40,4.84,537,Degraded 🟡
17:39:52,Block 200,1520,953.3,3384.3,4.40,4.84,383,Degraded 🟡
17:39:52,Block 201,1520,953.3,3384.3,4.40,4.84,548,Degraded 🟡
17:41:26,Block 200,1530,953.7,3384.3,4.40,4.84,497,Degraded 🟡
17:41:26,Block 201,1530,953.7,3384.3,4.40,4.84,399,Degraded 🟡
17:43:00,Block 200,1540,953.6,3384.3,4.40,4.84,536,Degraded 🟡
17:43:00,Block 201,1540,953.6,3384.3,4.40,4.84,513,Degraded 🟡
17:44:33,Block 200,1550,953.1,3384.3,4.40,4.84,502,Degraded 🟡
17:44:33,Block 201,1550,953.1,3384.3,4.40,4.84,534,Degraded 🟡
17:46:07,Block 200,1560,953.6,3384.3,4.40,4.84,501,Degraded 🟡
17:46:07,Block 201,1560,953.6,3384.3,4.40,4.84,538,Degraded 🟡
17:47:41,Block 200,1570,953.0,3384.3,4.40,4.84,555,Degraded 🟡
17:47:41,Block 201,1570,953.0,3384.3,4.40,4.84,502,Degraded 🟡
17:49:15,Block 200,1580,952.6,3384.3,4.40,4.84,497,Degraded 🟡
17:49:15,Block 201,1580,952.6,3384.3,4.40,4.84,553,Degraded 🟡
17:50:49,Block 200,1590,952.5,3384.3,4.40,4.84,544,Degraded 🟡
17:50:49,Block 201,1590,952.5,3384.3,4.40,4.84,522,Degraded 🟡
17:52:23,Block 200,1600,952.5,3384.3,4.40,4.84,394,Degraded 🟡
17:52:23,Block 201,1600,952.5,3384.3,4.40,4.84,409,Degraded 🟡
17:53:57,Block 200,1610,952.6,3384.3,4.40,4.84,392,Degraded 🟡
17:53:57,Block 201,1610,952.6,3384.3,4.40,4.84,525,Degraded 🟡
17:55:30,Block 200,1620,952.1,3384.3,4.40,4.84,532,Degraded 🟡
17:55:30,Block 201,1620,952.1,3384.3,4.40,4.84,520,Degraded 🟡
17:57:04,Block 200,1630,952.4,3384.3,4.40,4.84,476,Degraded 🟡
17:57:04,Block 201,1630,952.4,3384.3,4.40,4.84,353,Degraded 🟡
17:58:38,Block 200,1640,952.1,3384.3,4.40,4.84,399,Degraded 🟡
17:58:38,Block 201,1640,952.1,3384.3,4.40,4.84,537,Degraded 🟡
18:00:12,Block 200,1650,952.3,3384.3,4.40,4.84,542,Degraded 🟡
18:00:12,Block 201,1650,952.3,3384.3,4.40,4.84,536,Degraded 🟡
18:01:46,Block 200,1660,952.2,3384.3,4.40,4.84,506,Degraded 🟡
18:01:46,Block 201,1660,952.2,3384.3,4.40,4.84,578,Degraded 🟡
18:03:20,Block 200,1670,952.6,3384.3,4.40,4.84,334,Degraded 🟡
18:03:20,Block 201,1670,952.6,3384.3,4.40,4.84,551,Degraded 🟡
18:04:54,Block 200,1680,950.8,3384.3,4.40,4.84,424,Degraded 🟡
18:04:54,Block 201,1680,950.8,3384.3,4.40,4.84,471,Degraded 🟡
18:06:27,Block 200,1690,952.5,3384.3,4.40,4.84,422,Degraded 🟡
18:06:27,Block 201,1690,952.5,3384.3,4.40,4.84,402,Degraded 🟡
18:08:01,Block 200,1700,951.3,3384.3,4.40,4.84,359,Degraded 🟡
18:08:01,Block 201,1700,951.3,3384.3,4.40,4.84,330,Degraded 🟡
18:09:35,Block 200,1710,952.0,3384.3,4.40,4.84,531,Degraded 🟡
18:09:35,Block 201,1710,952.0,3384.3,4.40,4.84,523,Degraded 🟡
18:11:09,Block 200,1720,951.5,3384.3,4.40,4.84,523,Degraded 🟡
18:11:09,Block 201,1720,951.5,3384.3,4.40,4.84,548,Degraded 🟡
18:12:43,Block 200,1730,951.3,3384.3,4.40,4.84,535,Degraded 🟡
18:12:43,Block 201,1730,951.3,3384.3,4.40,4.84,500,Degraded 🟡
18:14:17,Block 200,1740,951.2,3384.3,4.40,4.84,506,Degraded 🟡
18:14:17,Block 201,1740,951.2,3384.3,4.40,4.84,411,Degraded 🟡
18:15:50,Block 200,1750,952.0,3384.3,4.40,4.84,534,Degraded 🟡
18:15:50,Block 201,1750,952.0,3384.3,4.40,4.84,375,Degraded 🟡
18:17:24,Block 200,1760,950.9,3384.3,4.40,4.84,525,Degraded 🟡
18:17:24,Block 201,1760,950.9,3384.3,4.40,4.84,523,Degraded 🟡
18:18:58,Block 200,1770,951.6,3384.3,4.40,4.84,365,Degraded 🟡
18:18:58,Block 201,1770,951.6,3384.3,4.40,4.84,519,Degraded 🟡
18:20:32,Block 200,1780,950.9,3384.3,4.40,4.84,479,Degraded 🟡
18:20:32,Block 201,1780,950.9,3384.3,4.40,4.84,556,Degraded 🟡
18:22:06,Block 200,1790,951.0,3384.3,4.40,4.84,518,Degraded 🟡
18:22:06,Block 201,1790,951.0,3384.3,4.40,4.84,514,Degraded 🟡
18:23:40,Block 200,1800,951.4,3384.3,4.40,4.84,538,Degraded 🟡
18:23:40,Block 201,1800,951.4,3384.3,4.40,4.84,547,Degraded 🟡
18:25:13,Block 200,1810,951.9,3384.3,4.40,4.84,517,Degraded 🟡
18:25:13,Block 201,1810,951.9,3384.3,4.40,4.84,544,Degraded 🟡
18:26:47,Block 200,1820,951.1,3384.3,4.40,4.84,522,Degraded 🟡
18:26:47,Block 201,1820,951.1,3384.3,4.40,4.84,546,Degraded 🟡
18:28:21,Block 200,1830,951.2,3384.3,4.40,4.84,490,Degraded 🟡
18:28:21,Block 201,1830,951.2,3384.3,4.40,4.84,528,Degraded 🟡
18:29:55,Block 200,1840,950.8,3384.3,4.40,4.84,541,Degraded 🟡
18:29:55,Block 201,1840,950.8,3384.3,4.40,4.84,552,Degraded 🟡
18:31:29,Block 200,1850,950.7,3384.3,4.40,4.84,533,Degraded 🟡
18:31:29,Block 201,1850,950.7,3384.3,4.40,4.84,527,Degraded 🟡
18:33:03,Block 200,1860,950.2,3384.3,4.40,4.84,485,Degraded 🟡
18:33:03,Block 201,1860,950.2,3384.3,4.40,4.84,507,Degraded 🟡
18:34:37,Block 200,1870,950.2,3384.3,4.40,4.84,477,Degraded 🟡
18:34:37,Block 201,1870,950.2,3384.3,4.40,4.84,529,Degraded 🟡
18:36:10,Block 200,1880,950.5,3384.3,4.40,4.84,501,Degraded 🟡
18:36:10,Block 201,1880,950.5,3384.3,4.40,4.84,589,Degraded 🟡
18:37:44,Block 200,1890,950.2,3384.3,4.40,4.84,535,Degraded 🟡
18:37:44,Block 201,1890,950.2,3384.3,4.40,4.84,601,Degraded 🟡
18:39:18,Block 200,1900,950.5,3384.3,4.40,4.84,411,Degraded 🟡
18:39:18,Block 201,1900,950.5,3384.3,4.40,4.84,564,Degraded 🟡
18:40:52,Block 200,1910,950.4,3384.3,4.40,4.84,485,Degraded 🟡
18:40:52,Block 201,1910,950.4,3384.3,4.40,4.84,553,Degraded 🟡
18:42:26,Block 200,1920,950.0,3384.3,4.40,4.84,524,Degraded 🟡
18:42:26,Block 201,1920,950.0,3384.3,4.40,4.84,487,Degraded 🟡
18:43:59,Block 200,1930,950.1,3384.3,4.40,4.84,516,Degraded 🟡
18:43:59,Block 201,1930,950.1,3384.3,4.40,4.84,514,Degraded 🟡
18:45:33,Block 200,1940,949.9,3384.3,4.40,4.84,520,Degraded 🟡
18:45:33,Block 201,1940,949.9,3384.3,4.40,4.84,514,Degraded 🟡
18:47:07,Block 200,1950,949.4,3384.3,4.40,4.84,521,Degraded 🟡
18:47:07,Block 201,1950,949.4,3384.3,4.40,4.84,547,Degraded 🟡
18:48:41,Block 200,1960,950.0,3384.3,4.40,4.84,359,Degraded 🟡
18:48:41,Block 201,1960,950.0,3384.3,4.40,4.84,390,Degraded 🟡
18:50:15,Block 200,1970,949.9,3384.3,4.40,4.84,577,Degraded 🟡
18:50:15,Block 201,1970,949.9,3384.3,4.40,4.84,533,Degraded 🟡
18:51:49,Block 200,1980,949.7,3384.3,4.40,4.84,512,Degraded 🟡
18:51:49,Block 201,1980,949.7,3384.3,4.40,4.84,533,Degraded 🟡
18:53:22,Block 200,1990,949.2,3384.3,4.40,4.84,369,Degraded 🟡
18:53:22,Block 201,1990,949.2,3384.3,4.40,4.84,397,Degraded 🟡
18:54:56,Block 200,2000,949.8,3384.3,4.40,4.84,522,Degraded 🟡
18:54:56,Block 201,2000,949.8,3384.3,4.40,4.84,537,Degraded 🟡
18:56:30,Block 200,2010,949.1,3384.3,4.40,4.84,512,Degraded 🟡
18:56:30,Block 201,2010,949.1,3384.3,4.40,4.84,549,Degraded 🟡
18:58:04,Block 200,2020,949.7,3384.3,4.40,4.84,558,Degraded 🟡
18:58:04,Block 201,2020,949.7,3384.3,4.40,4.84,546,Degraded 🟡
18:59:38,Block 200,2030,949.4,3384.3,4.40,4.84,375,Degraded 🟡
18:59:38,Block 201,2030,949.4,3384.3,4.40,4.84,534,Degraded 🟡
19:01:11,Block 200,2040,949.0,3384.3,4.40,4.84,423,Degraded 🟡
19:01:11,Block 201,2040,949.0,3384.4,4.40,4.84,564,Degraded 🟡
19:02:45,Block 200,2050,949.3,3384.3,4.40,4.84,386,Degraded 🟡
19:02:45,Block 201,2050,949.3,3384.3,4.40,4.84,356,Degraded 🟡
19:04:19,Block 200,2060,949.0,3384.3,4.40,4.84,502,Degraded 🟡
19:04:19,Block 201,2060,949.0,3384.3,4.40,4.84,549,Degraded 🟡
19:05:53,Block 200,2070,949.1,3384.3,4.40,4.84,485,Degraded 🟡
19:05:53,Block 201,2070,949.1,3384.3,4.40,4.84,551,Degraded 🟡
19:07:27,Block 200,2080,949.2,3384.3,4.40,4.84,482,Degraded 🟡
19:07:27,Block 201,2080,949.2,3384.4,4.40,4.84,544,Degraded 🟡
19:09:01,Block 200,2090,949.2,3384.3,4.40,4.84,566,Degraded 🟡
19:09:01,Block 201,2090,949.2,3384.3,4.40,4.84,568,Degraded 🟡
19:10:34,Block 200,2100,949.5,3384.3,4.40,4.84,510,Degraded 🟡
19:10:34,Block 201,2100,949.5,3384.3,4.40,4.84,563,Degraded 🟡
19:12:08,Block 200,2110,948.8,3384.3,4.40,4.84,556,Degraded 🟡
19:12:08,Block 201,2110,948.8,3384.3,4.40,4.84,541,Degraded 🟡
19:13:42,Block 200,2120,948.8,3384.3,4.40,4.84,517,Degraded 🟡
19:13:42,Block 201,2120,948.8,3384.3,4.40,4.84,561,Degraded 🟡
19:15:16,Block 200,2130,949.0,3384.3,4.40,4.84,514,Degraded 🟡
19:15:16,Block 201,2130,949.0,3384.3,4.40,4.84,524,Degraded 🟡
19:16:50,Block 200,2140,948.8,3384.3,4.40,4.84,533,Degraded 🟡
19:16:50,Block 201,2140,948.8,3384.3,4.40,4.84,362,Degraded 🟡
19:18:23,Block 200,2150,948.9,3384.3,4.40,4.84,415,Degraded 🟡
19:18:23,Block 201,2150,948.9,3384.3,4.40,4.84,514,Degraded 🟡
19:19:57,Block 200,2160,948.6,3384.3,4.40,4.84,494,Degraded 🟡
19:19:57,Block 201,2160,948.6,3384.3,4.40,4.84,543,Degraded 🟡
19:21:31,Block 200,2170,948.6,3384.3,4.40,4.84,522,Degraded 🟡
19:21:31,Block 201,2170,948.6,3384.4,4.40,4.84,507,Degraded 🟡
19:23:05,Block 200,2180,948.5,3384.3,4.40,4.84,567,Degraded 🟡
19:23:05,Block 201,2180,948.5,3384.3,4.40,4.84,522,Degraded 🟡
19:24:39,Block 200,2190,948.3,3384.3,4.40,4.84,372,Degraded 🟡
19:24:39,Block 201,2190,948.3,3384.3,4.40,4.84,521,Degraded 🟡
19:26:12,Block 200,2200,948.2,3384.3,4.40,4.84,359,Degraded 🟡
19:26:12,Block 201,2200,948.2,3384.4,4.40,4.84,393,Degraded 🟡
19:27:46,Block 200,2210,948.0,3384.3,4.40,4.84,514,Degraded 🟡
19:27:46,Block 201,2210,948.0,3384.3,4.40,4.84,560,Degraded 🟡
19:29:20,Block 200,2220,948.4,3384.3,4.40,4.84,532,Degraded 🟡
19:29:20,Block 201,2220,948.4,3384.3,4.40,4.84,491,Degraded 🟡
19:30:54,Block 200,2230,948.6,3384.3,4.40,4.84,512,Degraded 🟡
19:30:54,Block 201,2230,948.6,3384.3,4.40,4.84,540,Degraded 🟡
19:32:28,Block 200,2240,948.2,3384.3,4.40,4.84,527,Degraded 🟡
19:32:28,Block 201,2240,948.2,3384.3,4.40,4.84,559,Degraded 🟡
19:34:01,Block 200,2250,948.7,3384.3,4.40,4.84,573,Degraded 🟡
19:34:01,Block 201,2250,948.7,3384.3,4.40,4.84,541,Degraded 🟡
19:35:35,Block 200,2260,948.0,3384.3,4.40,4.84,541,Degraded 🟡
19:35:35,Block 201,2260,948.0,3384.3,4.40,4.84,561,Degraded 🟡
19:37:09,Block 200,2270,948.1,3384.3,4.40,4.84,500,Degraded 🟡
19:37:09,Block 201,2270,948.1,3384.3,4.40,4.84,523,Degraded 🟡
19:38:43,Block 200,2280,948.1,3384.3,4.40,4.84,535,Degraded 🟡
19:38:43,Block 201,2280,948.1,3384.3,4.40,4.84,552,Degraded 🟡
19:40:17,Block 200,2290,947.7,3384.3,4.40,4.84,490,Degraded 🟡
19:40:17,Block 201,2290,947.7,3384.3,4.40,4.84,389,Degraded 🟡
19:41:50,Block 200,2300,948.1,3384.3,4.40,4.84,501,Degraded 🟡
19:41:50,Block 201,2300,948.1,3384.3,4.40,4.84,414,Degraded 🟡
19:43:24,Block 200,2310,948.2,3384.3,4.40,4.84,575,Degraded 🟡
19:43:24,Block 201,2310,948.2,3384.3,4.40,4.84,504,Degraded 🟡
19:44:58,Block 200,2320,947.9,3384.3,4.40,4.84,504,Degraded 🟡
19:44:58,Block 201,2320,947.9,3384.3,4.40,4.84,522,Degraded 🟡
19:46:32,Block 200,2330,947.8,3384.3,4.40,4.84,408,Degraded 🟡
19:46:32,Block 201,2330,947.8,3384.3,4.40,4.84,565,Degraded 🟡
19:48:06,Block 200,2340,947.5,3384.3,4.40,4.84,507,Degraded 🟡
19:48:06,Block 201,2340,947.5,3384.3,4.40,4.84,508,Degraded 🟡
19:49:39,Block 200,2350,947.2,3384.3,4.40,4.84,566,Degraded 🟡
19:49:39,Block 201,2350,947.2,3384.3,4.40,4.84,573,Degraded 🟡
19:51:13,Block 200,2360,947.5,3384.3,4.40,4.84,521,Degraded 🟡
19:51:13,Block 201,2360,947.5,3384.3,4.40,4.84,540,Degraded 🟡
19:52:47,Block 200,2370,947.9,3384.3,4.40,4.84,483,Degraded 🟡
19:52:47,Block 201,2370,947.9,3384.3,4.40,4.84,400,Degraded 🟡
19:54:21,Block 200,2380,947.5,3384.3,4.40,4.84,380,Degraded 🟡
19:54:21,Block 201,2380,947.5,3384.3,4.40,4.84,507,Degraded 🟡
19:55:55,Block 200,2390,947.5,3384.3,4.40,4.84,508,Degraded 🟡
19:55:55,Block 201,2390,947.5,3384.3,4.40,4.84,417,Degraded 🟡
19:57:28,Block 200,2400,947.4,3384.3,4.40,4.84,541,Degraded 🟡
19:57:28,Block 201,2400,947.4,3384.3,4.40,4.84,530,Degraded 🟡
19:59:02,Block 200,2410,947.3,3384.3,4.40,4.84,483,Degraded 🟡
19:59:02,Block 201,2410,947.3,3384.3,4.40,4.84,598,Degraded 🟡
20:00:36,Block 200,2420,947.1,3384.3,4.40,4.84,569,Degraded 🟡
20:00:36,Block 201,2420,947.1,3384.3,4.40,4.84,595,Degraded 🟡
20:02:10,Block 200,2430,946.8,3384.3,4.40,4.84,524,Degraded 🟡
20:02:10,Block 201,2430,946.8,3384.3,4.40,4.84,401,Degraded 🟡
20:03:44,Block 200,2440,947.5,3384.3,4.40,4.84,537,Degraded 🟡
20:03:44,Block 201,2440,947.5,3384.3,4.40,4.84,532,Degraded 🟡
20:05:17,Block 200,2450,947.6,3384.3,4.40,4.84,538,Degraded 🟡
20:05:17,Block 201,2450,947.6,3384.3,4.40,4.84,590,Degraded 🟡
20:06:51,Block 200,2460,947.2,3384.3,4.40,4.84,519,Degraded 🟡
20:06:51,Block 201,2460,947.2,3384.3,4.40,4.84,544,Degraded 🟡
20:08:25,Block 200,2470,947.2,3384.3,4.40,4.84,492,Degraded 🟡
20:08:25,Block 201,2470,947.2,3384.3,4.40,4.84,422,Degraded 🟡
20:09:59,Block 200,2480,946.9,3384.3,4.40,4.84,470,Degraded 🟡
20:09:59,Block 201,2480,946.9,3384.3,4.40,4.84,562,Degraded 🟡
20:11:33,Block 200,2490,946.8,3384.3,4.40,4.84,477,Degraded 🟡
20:11:33,Block 201,2490,946.8,3384.3,4.40,4.84,532,Degraded 🟡
20:13:06,Block 200,2500,946.8,3384.3,4.40,4.84,554,Degraded 🟡
20:13:06,Block 201,2500,946.8,3384.3,4.40,4.84,567,Degraded 🟡
20:14:40,Block 200,2510,946.7,3384.3,4.40,4.84,520,Degraded 🟡
20:14:40,Block 201,2510,946.7,3384.3,4.40,4.84,551,Degraded 🟡
20:16:14,Block 200,2520,946.9,3384.3,4.40,4.84,560,Degraded 🟡
20:16:14,Block 201,2520,946.9,3384.3,4.40,4.84,566,Degraded 🟡
20:17:48,Block 200,2530,947.2,3384.3,4.40,4.84,495,Degraded 🟡
20:17:48,Block 201,2530,947.2,3384.3,4.40,4.84,538,Degraded 🟡
20:19:21,Block 200,2540,946.9,3384.3,4.40,4.84,374,Degraded 🟡
20:19:21,Block 201,2540,946.9,3384.4,4.40,4.84,552,Degraded 🟡
20:20:55,Block 200,2550,946.6,3384.3,4.40,4.84,531,Degraded 🟡
20:20:55,Block 201,2550,946.6,3384.3,4.40,4.84,572,Degraded 🟡
20:22:29,Block 200,2560,946.9,3384.3,4.40,4.84,545,Degraded 🟡
20:22:29,Block 201,2560,946.9,3384.3,4.40,4.84,384,Degraded 🟡
20:24:03,Block 200,2570,946.7,3384.3,4.40,4.84,380,Degraded 🟡
20:24:03,Block 201,2570,946.7,3384.3,4.40,4.84,497,Degraded 🟡
20:25:37,Block 200,2580,946.6,3384.3,4.40,4.84,392,Degraded 🟡
20:25:37,Block 201,2580,946.6,3384.3,4.40,4.84,524,Degraded 🟡
20:27:10,Block 200,2590,946.5,3384.3,4.40,4.84,419,Degraded 🟡
20:27:10,Block 201,2590,946.5,3384.3,4.40,4.84,508,Degraded 🟡
20:28:44,Block 200,2600,946.2,3384.3,4.40,4.84,579,Degraded 🟡
20:28:44,Block 201,2600,946.2,3384.3,4.40,4.84,583,Degraded 🟡
20:30:18,Block 200,2610,946.7,3384.3,4.40,4.84,540,Degraded 🟡
20:30:18,Block 201,2610,946.7,3384.3,4.40,4.84,505,Degraded 🟡
20:31:52,Block 200,2620,946.6,3384.3,4.40,4.84,519,Degraded 🟡
20:31:52,Block 201,2620,946.6,3384.3,4.40,4.84,495,Degraded 🟡
20:33:26,Block 200,2630,946.4,3384.3,4.40,4.84,594,Degraded 🟡
20:33:26,Block 201,2630,946.4,3384.4,4.40,4.84,534,Degraded 🟡
20:34:59,Block 200,2640,946.1,3384.3,4.40,4.84,516,Degraded 🟡
20:34:59,Block 201,2640,946.1,3384.3,4.40,4.84,556,Degraded 🟡
20:36:33,Block 200,2650,946.6,3384.3,4.40,4.84,528,Degraded 🟡
20:36:33,Block 201,2650,946.6,3384.4,4.40,4.84,505,Degraded 🟡
20:38:07,Block 200,2660,946.2,3384.3,4.40,4.84,542,Degraded 🟡
20:38:07,Block 201,2660,946.2,3384.4,4.40,4.84,506,Degraded 🟡
20:39:41,Block 200,2670,946.1,3384.3,4.40,4.84,525,Degraded 🟡
20:39:41,Block 201,2670,946.1,3384.3,4.40,4.84,512,Degraded 🟡
20:41:14,Block 200,2680,945.2,3384.3,4.40,4.84,385,Degraded 🟡
20:41:14,Block 201,2680,945.2,3384.3,4.40,4.84,526,Degraded 🟡
20:42:48,Block 200,2690,946.5,3384.3,4.40,4.84,532,Degraded 🟡
20:42:48,Block 201,2690,946.5,3384.3,4.40,4.84,545,Degraded 🟡
20:44:22,Block 200,2700,945.6,3384.3,4.40,4.84,517,Degraded 🟡
20:44:22,Block 201,2700,945.6,3384.3,4.40,4.84,553,Degraded 🟡
20:45:56,Block 200,2710,946.2,3384.3,4.40,4.84,557,Degraded 🟡
20:45:56,Block 201,2710,946.2,3384.3,4.40,4.84,577,Degraded 🟡
20:47:30,Block 200,2720,946.1,3384.3,4.40,4.84,501,Degraded 🟡
20:47:30,Block 201,2720,946.1,3384.3,4.40,4.84,552,Degraded 🟡
20:49:03,Block 200,2730,946.3,3384.3,4.40,4.84,520,Degraded 🟡
20:49:03,Block 201,2730,946.3,3384.4,4.40,4.84,591,Degraded 🟡
20:50:37,Block 200,2740,945.7,3384.3,4.40,4.84,502,Degraded 🟡
20:50:37,Block 201,2740,945.7,3384.3,4.40,4.84,546,Degraded 🟡
20:52:11,Block 200,2750,945.9,3384.3,4.40,4.84,500,Degraded 🟡
20:52:11,Block 201,2750,945.9,3384.3,4.40,4.84,387,Degraded 🟡
20:53:45,Block 200,2760,946.1,3384.3,4.40,4.84,555,Degraded 🟡
20:53:45,Block 201,2760,946.1,3384.4,4.40,4.84,566,Degraded 🟡
20:55:18,Block 200,2770,946.0,3384.3,4.40,4.84,540,Degraded 🟡
20:55:18,Block 201,2770,946.0,3384.3,4.40,4.84,592,Degraded 🟡
20:56:52,Block 200,2780,945.8,3384.3,4.40,4.84,498,Degraded 🟡
20:56:52,Block 201,2780,945.8,3384.3,4.40,4.84,552,Degraded 🟡
20:58:26,Block 200,2790,945.2,3384.3,4.40,4.84,548,Degraded 🟡
20:58:26,Block 201,2790,945.2,3384.3,4.40,4.84,624,Degraded 🟡
21:00:00,Block 200,2800,945.8,3384.3,4.40,4.84,514,Degraded 🟡
21:00:00,Block 201,2800,945.8,3384.4,4.40,4.84,563,Degraded 🟡
21:01:34,Block 200,2810,945.8,3384.3,4.40,4.84,557,Degraded 🟡
21:01:34,Block 201,2810,945.8,3384.4,4.40,4.84,542,Degraded 🟡
21:03:07,Block 200,2820,945.6,3384.3,4.40,4.84,521,Degraded 🟡
21:03:07,Block 201,2820,945.6,3384.3,4.40,4.84,542,Degraded 🟡
21:04:41,Block 200,2830,944.4,3384.3,4.40,4.84,487,Degraded 🟡
21:04:41,Block 201,2830,944.4,3384.3,4.40,4.84,408,Degraded 🟡
21:06:15,Block 200,2840,945.4,3384.3,4.40,4.84,524,Degraded 🟡
21:06:15,Block 201,2840,945.4,3384.3,4.40,4.84,394,Degraded 🟡
21:07:49,Block 200,2850,945.4,3384.3,4.40,4.84,522,Degraded 🟡
21:07:49,Block 201,2850,945.4,3384.4,4.40,4.84,567,Degraded 🟡
21:09:22,Block 200,2860,945.5,3384.3,4.40,4.84,408,Degraded 🟡
21:09:22,Block 201,2860,945.5,3384.4,4.40,4.84,565,Degraded 🟡
21:10:56,Block 200,2870,945.8,3384.3,4.40,4.84,543,Degraded 🟡
21:10:56,Block 201,2870,945.8,3384.3,4.40,4.84,607,Degraded 🟡
21:12:30,Block 200,2880,945.8,3384.3,4.40,4.84,512,Degraded 🟡
21:12:30,Block 201,2880,945.8,3384.3,4.40,4.84,568,Degraded 🟡
21:14:04,Block 200,2890,945.9,3384.3,4.40,4.84,524,Degraded 🟡
21:14:04,Block 201,2890,945.9,3384.3,4.40,4.84,503,Degraded 🟡
21:15:37,Block 200,2900,945.1,3384.3,4.40,4.84,556,Degraded 🟡
21:15:37,Block 201,2900,945.1,3384.4,4.40,4.84,380,Degraded 🟡
21:17:11,Block 200,2910,945.6,3384.3,4.40,4.84,530,Degraded 🟡
21:17:11,Block 201,2910,945.6,3384.3,4.40,4.84,537,Degraded 🟡
21:18:45,Block 200,2920,945.2,3384.3,4.40,4.84,538,Degraded 🟡
21:18:45,Block 201,2920,945.2,3384.3,4.40,4.84,536,Degraded 🟡
21:20:19,Block 200,2930,945.7,3384.3,4.40,4.84,524,Degraded 🟡
21:20:19,Block 201,2930,945.7,3384.3,4.40,4.84,377,Degraded 🟡
21:21:53,Block 200,2940,945.3,3384.3,4.40,4.84,565,Degraded 🟡
21:21:53,Block 201,2940,945.3,3384.4,4.40,4.84,561,Degraded 🟡
21:23:26,Block 200,2950,945.2,3384.3,4.40,4.84,510,Degraded 🟡
21:23:26,Block 201,2950,945.2,3384.3,4.40,4.84,537,Degraded 🟡
21:25:00,Block 200,2960,945.3,3384.3,4.40,4.84,554,Degraded 🟡
21:25:00,Block 201,2960,945.3,3384.4,4.40,4.84,512,Degraded 🟡
21:26:34,Block 200,2970,945.0,3384.3,4.40,4.84,566,Degraded 🟡
21:26:34,Block 201,2970,945.0,3384.4,4.40,4.84,404,Degraded 🟡
21:28:08,Block 200,2980,945.5,3384.3,4.40,4.84,557,Degraded 🟡
21:28:08,Block 201,2980,945.5,3384.3,4.40,4.84,513,Degraded 🟡
21:29:41,Block 200,2990,945.4,3384.3,4.40,4.84,514,Degraded 🟡
21:29:41,Block 201,2990,945.4,3384.3,4.40,4.84,589,Degraded 🟡
21:31:15,Block 200,3000,945.1,3384.3,4.40,4.84,540,Degraded 🟡
21:31:15,Block 201,3000,945.1,3384.3,4.40,4.84,584,Degraded 🟡
